[2026-05-05T10:29:39.438+0000] {manager.py:469} INFO - Processing files using up to 2 processes at a time 
[2026-05-05T10:29:39.439+0000] {manager.py:470} INFO - Process each file at most once every 30 seconds
[2026-05-05T10:29:39.440+0000] {manager.py:471} INFO - Checking for new files in /opt/airflow/dags every 300 seconds
[2026-05-05T10:29:39.441+0000] {manager.py:738} INFO - Searching for files in /opt/airflow/dags
[2026-05-05T10:29:39.453+0000] {manager.py:741} INFO - There are 1 files in /opt/airflow/dags
[2026-05-05T10:29:39.576+0000] {manager.py:879} INFO - 
================================================================================
DAG File Processing Stats

File Path                                           PID  Runtime      # DAGs    # Errors  Last Runtime    Last Run
------------------------------------------------  -----  ---------  --------  ----------  --------------  ----------
/opt/airflow/dags/recommendation_pipeline_dag.py    171  0.05s             0           0
================================================================================
[2026-05-05T10:30:07.125+0000] {manager.py:879} INFO - 
================================================================================
DAG File Processing Stats

File Path                                         PID    Runtime      # DAGs    # Errors  Last Runtime    Last Run
------------------------------------------------  -----  ---------  --------  ----------  --------------  -------------------
/opt/airflow/dags/recommendation_pipeline_dag.py                           1           0  0.44s           2026-05-05T10:29:39
================================================================================
[2026-05-05T10:30:34.700+0000] {manager.py:879} INFO - 
================================================================================
DAG File Processing Stats

File Path                                         PID    Runtime      # DAGs    # Errors  Last Runtime    Last Run
------------------------------------------------  -----  ---------  --------  ----------  --------------  -------------------
/opt/airflow/dags/recommendation_pipeline_dag.py                           1           0  0.14s           2026-05-05T10:30:10
================================================================================
[2026-05-05T10:31:02.396+0000] {manager.py:879} INFO - 
================================================================================
DAG File Processing Stats

File Path                                         PID    Runtime      # DAGs    # Errors  Last Runtime    Last Run
------------------------------------------------  -----  ---------  --------  ----------  --------------  -------------------
/opt/airflow/dags/recommendation_pipeline_dag.py                           1           0  0.17s           2026-05-05T10:30:40
================================================================================
[2026-05-05T10:31:30.047+0000] {manager.py:879} INFO - 
================================================================================
DAG File Processing Stats

File Path                                         PID    Runtime      # DAGs    # Errors  Last Runtime    Last Run
------------------------------------------------  -----  ---------  --------  ----------  --------------  -------------------
/opt/airflow/dags/recommendation_pipeline_dag.py                           1           0  0.17s           2026-05-05T10:31:11
================================================================================
[2026-05-05T10:31:57.749+0000] {manager.py:879} INFO - 
================================================================================
DAG File Processing Stats

File Path                                         PID    Runtime      # DAGs    # Errors  Last Runtime    Last Run
------------------------------------------------  -----  ---------  --------  ----------  --------------  -------------------
/opt/airflow/dags/recommendation_pipeline_dag.py                           1           0  0.15s           2026-05-05T10:31:42
================================================================================
[2026-05-05T10:32:25.576+0000] {manager.py:879} INFO - 
================================================================================
DAG File Processing Stats

File Path                                         PID    Runtime      # DAGs    # Errors  Last Runtime    Last Run
------------------------------------------------  -----  ---------  --------  ----------  --------------  -------------------
/opt/airflow/dags/recommendation_pipeline_dag.py                           1           0  0.17s           2026-05-05T10:32:13
================================================================================
[2026-05-05T10:32:53.561+0000] {manager.py:879} INFO - 
================================================================================
DAG File Processing Stats

File Path                                         PID    Runtime      # DAGs    # Errors  Last Runtime    Last Run
------------------------------------------------  -----  ---------  --------  ----------  --------------  -------------------
/opt/airflow/dags/recommendation_pipeline_dag.py                           1           0  0.15s           2026-05-05T10:32:44
================================================================================
[2026-05-05T10:33:21.225+0000] {manager.py:879} INFO - 
================================================================================
DAG File Processing Stats

File Path                                         PID    Runtime      # DAGs    # Errors  Last Runtime    Last Run
------------------------------------------------  -----  ---------  --------  ----------  --------------  -------------------
/opt/airflow/dags/recommendation_pipeline_dag.py                           1           0  0.15s           2026-05-05T10:33:15
================================================================================
[2026-05-05T10:33:48.978+0000] {manager.py:879} INFO - 
================================================================================
DAG File Processing Stats

File Path                                         PID    Runtime      # DAGs    # Errors  Last Runtime    Last Run
------------------------------------------------  -----  ---------  --------  ----------  --------------  -------------------
/opt/airflow/dags/recommendation_pipeline_dag.py                           1           0  0.16s           2026-05-05T10:33:46
================================================================================
[2026-05-05T10:34:16.638+0000] {manager.py:879} INFO - 
================================================================================
DAG File Processing Stats

File Path                                           PID  Runtime      # DAGs    # Errors  Last Runtime    Last Run
------------------------------------------------  -----  ---------  --------  ----------  --------------  -------------------
/opt/airflow/dags/recommendation_pipeline_dag.py    220  0.00s             1           0  0.16s           2026-05-05T10:33:46
================================================================================
[2026-05-05T10:34:40.273+0000] {manager.py:738} INFO - Searching for files in /opt/airflow/dags
[2026-05-05T10:34:40.367+0000] {manager.py:741} INFO - There are 1 files in /opt/airflow/dags
[2026-05-05T10:34:44.457+0000] {manager.py:879} INFO - 
================================================================================
DAG File Processing Stats

File Path                                         PID    Runtime      # DAGs    # Errors  Last Runtime    Last Run
------------------------------------------------  -----  ---------  --------  ----------  --------------  -------------------
/opt/airflow/dags/recommendation_pipeline_dag.py                           1           0  0.13s           2026-05-05T10:34:16
================================================================================
[2026-05-05T10:35:12.076+0000] {manager.py:879} INFO - 
================================================================================
DAG File Processing Stats

File Path                                         PID    Runtime      # DAGs    # Errors  Last Runtime    Last Run
------------------------------------------------  -----  ---------  --------  ----------  --------------  -------------------
/opt/airflow/dags/recommendation_pipeline_dag.py                           1           0  0.24s           2026-05-05T10:34:47
================================================================================
[2026-05-05T10:35:39.930+0000] {manager.py:879} INFO - 
================================================================================
DAG File Processing Stats

File Path                                         PID    Runtime      # DAGs    # Errors  Last Runtime    Last Run
------------------------------------------------  -----  ---------  --------  ----------  --------------  -------------------
/opt/airflow/dags/recommendation_pipeline_dag.py                           1           0  0.16s           2026-05-05T10:35:18
================================================================================
[2026-05-05T10:36:07.643+0000] {manager.py:879} INFO - 
================================================================================
DAG File Processing Stats

File Path                                         PID    Runtime      # DAGs    # Errors  Last Runtime    Last Run
------------------------------------------------  -----  ---------  --------  ----------  --------------  -------------------
/opt/airflow/dags/recommendation_pipeline_dag.py                           1           0  0.15s           2026-05-05T10:35:48
================================================================================
[2026-05-05T10:36:35.360+0000] {manager.py:879} INFO - 
================================================================================
DAG File Processing Stats

File Path                                         PID    Runtime      # DAGs    # Errors  Last Runtime    Last Run
------------------------------------------------  -----  ---------  --------  ----------  --------------  -------------------
/opt/airflow/dags/recommendation_pipeline_dag.py                           1           0  0.16s           2026-05-05T10:36:19
================================================================================
[2026-05-05T10:37:03.108+0000] {manager.py:879} INFO - 
================================================================================
DAG File Processing Stats

File Path                                         PID    Runtime      # DAGs    # Errors  Last Runtime    Last Run
------------------------------------------------  -----  ---------  --------  ----------  --------------  -------------------
/opt/airflow/dags/recommendation_pipeline_dag.py                           1           0  0.16s           2026-05-05T10:36:50
================================================================================
[2026-05-05T10:37:30.774+0000] {manager.py:879} INFO - 
================================================================================
DAG File Processing Stats

File Path                                         PID    Runtime      # DAGs    # Errors  Last Runtime    Last Run
------------------------------------------------  -----  ---------  --------  ----------  --------------  -------------------
/opt/airflow/dags/recommendation_pipeline_dag.py                           1           0  0.18s           2026-05-05T10:37:20
================================================================================
[2026-05-05T10:37:58.468+0000] {manager.py:879} INFO - 
================================================================================
DAG File Processing Stats

File Path                                         PID    Runtime      # DAGs    # Errors  Last Runtime    Last Run
------------------------------------------------  -----  ---------  --------  ----------  --------------  -------------------
/opt/airflow/dags/recommendation_pipeline_dag.py                           1           0  0.16s           2026-05-05T10:37:51
================================================================================
[2026-05-05T10:38:26.063+0000] {manager.py:879} INFO - 
================================================================================
DAG File Processing Stats

File Path                                         PID    Runtime      # DAGs    # Errors  Last Runtime    Last Run
------------------------------------------------  -----  ---------  --------  ----------  --------------  -------------------
/opt/airflow/dags/recommendation_pipeline_dag.py                           1           0  0.16s           2026-05-05T10:38:22
================================================================================
[2026-05-05T10:38:53.972+0000] {manager.py:879} INFO - 
================================================================================
DAG File Processing Stats

File Path                                         PID    Runtime      # DAGs    # Errors  Last Runtime    Last Run
------------------------------------------------  -----  ---------  --------  ----------  --------------  -------------------
/opt/airflow/dags/recommendation_pipeline_dag.py                           1           0  0.16s           2026-05-05T10:38:53
================================================================================
[2026-05-05T10:39:21.621+0000] {manager.py:879} INFO - 
================================================================================
DAG File Processing Stats

File Path                                         PID    Runtime      # DAGs    # Errors  Last Runtime    Last Run
------------------------------------------------  -----  ---------  --------  ----------  --------------  -------------------
/opt/airflow/dags/recommendation_pipeline_dag.py                           1           0  0.16s           2026-05-05T10:38:53
================================================================================
[2026-05-05T10:39:40.288+0000] {manager.py:738} INFO - Searching for files in /opt/airflow/dags
[2026-05-05T10:39:40.344+0000] {manager.py:741} INFO - There are 1 files in /opt/airflow/dags
[2026-05-05T10:39:49.253+0000] {manager.py:879} INFO - 
================================================================================
DAG File Processing Stats

File Path                                         PID    Runtime      # DAGs    # Errors  Last Runtime    Last Run
------------------------------------------------  -----  ---------  --------  ----------  --------------  -------------------
/opt/airflow/dags/recommendation_pipeline_dag.py                           1           0  0.15s           2026-05-05T10:39:23
================================================================================
[2026-05-05T10:40:16.820+0000] {manager.py:879} INFO - 
================================================================================
DAG File Processing Stats

File Path                                         PID    Runtime      # DAGs    # Errors  Last Runtime    Last Run
------------------------------------------------  -----  ---------  --------  ----------  --------------  -------------------
/opt/airflow/dags/recommendation_pipeline_dag.py                           1           0  0.15s           2026-05-05T10:39:54
================================================================================
[2026-05-05T10:40:44.422+0000] {manager.py:879} INFO - 
================================================================================
DAG File Processing Stats

File Path                                         PID    Runtime      # DAGs    # Errors  Last Runtime    Last Run
------------------------------------------------  -----  ---------  --------  ----------  --------------  -------------------
/opt/airflow/dags/recommendation_pipeline_dag.py                           1           0  0.15s           2026-05-05T10:40:25
================================================================================
[2026-05-05T10:41:12.184+0000] {manager.py:879} INFO - 
================================================================================
DAG File Processing Stats

File Path                                         PID    Runtime      # DAGs    # Errors  Last Runtime    Last Run
------------------------------------------------  -----  ---------  --------  ----------  --------------  -------------------
/opt/airflow/dags/recommendation_pipeline_dag.py                           1           0  0.15s           2026-05-05T10:40:56
================================================================================
[2026-05-05T10:41:39.900+0000] {manager.py:879} INFO - 
================================================================================
DAG File Processing Stats

File Path                                         PID    Runtime      # DAGs    # Errors  Last Runtime    Last Run
------------------------------------------------  -----  ---------  --------  ----------  --------------  -------------------
/opt/airflow/dags/recommendation_pipeline_dag.py                           1           0  0.16s           2026-05-05T10:41:26
================================================================================
[2026-05-05T10:42:07.597+0000] {manager.py:879} INFO - 
================================================================================
DAG File Processing Stats

File Path                                         PID    Runtime      # DAGs    # Errors  Last Runtime    Last Run
------------------------------------------------  -----  ---------  --------  ----------  --------------  -------------------
/opt/airflow/dags/recommendation_pipeline_dag.py                           1           0  0.17s           2026-05-05T10:41:57
================================================================================
[2026-05-05T10:42:35.351+0000] {manager.py:879} INFO - 
================================================================================
DAG File Processing Stats

File Path                                         PID    Runtime      # DAGs    # Errors  Last Runtime    Last Run
------------------------------------------------  -----  ---------  --------  ----------  --------------  -------------------
/opt/airflow/dags/recommendation_pipeline_dag.py                           1           0  0.15s           2026-05-05T10:42:28
================================================================================
[2026-05-05T10:43:03.115+0000] {manager.py:879} INFO - 
================================================================================
DAG File Processing Stats

File Path                                         PID    Runtime      # DAGs    # Errors  Last Runtime    Last Run
------------------------------------------------  -----  ---------  --------  ----------  --------------  -------------------
/opt/airflow/dags/recommendation_pipeline_dag.py                           1           0  0.15s           2026-05-05T10:42:59
================================================================================
[2026-05-05T10:43:31.588+0000] {manager.py:879} INFO - 
================================================================================
DAG File Processing Stats

File Path                                         PID    Runtime      # DAGs    # Errors  Last Runtime    Last Run
------------------------------------------------  -----  ---------  --------  ----------  --------------  -------------------
/opt/airflow/dags/recommendation_pipeline_dag.py                           1           0  0.24s           2026-05-05T10:43:29
================================================================================
[2026-05-05T10:43:55.781+0000] {manager.py:879} INFO - 
================================================================================
DAG File Processing Stats

File Path                                         PID    Runtime      # DAGs    # Errors  Last Runtime    Last Run
------------------------------------------------  -----  ---------  --------  ----------  --------------  -------------------
/opt/airflow/dags/recommendation_pipeline_dag.py                           1           0  0.24s           2026-05-05T10:43:29
================================================================================
[2026-05-05T10:44:23.699+0000] {manager.py:879} INFO - 
================================================================================
DAG File Processing Stats

File Path                                         PID    Runtime      # DAGs    # Errors  Last Runtime    Last Run
------------------------------------------------  -----  ---------  --------  ----------  --------------  -------------------
/opt/airflow/dags/recommendation_pipeline_dag.py                           1           0  0.15s           2026-05-05T10:44:00
================================================================================
[2026-05-05T10:44:40.922+0000] {manager.py:738} INFO - Searching for files in /opt/airflow/dags
[2026-05-05T10:44:40.950+0000] {manager.py:741} INFO - There are 1 files in /opt/airflow/dags
[2026-05-05T10:44:51.406+0000] {manager.py:879} INFO - 
================================================================================
DAG File Processing Stats

File Path                                         PID    Runtime      # DAGs    # Errors  Last Runtime    Last Run
------------------------------------------------  -----  ---------  --------  ----------  --------------  -------------------
/opt/airflow/dags/recommendation_pipeline_dag.py                           1           0  0.16s           2026-05-05T10:44:30
================================================================================
[2026-05-05T10:45:19.102+0000] {manager.py:879} INFO - 
================================================================================
DAG File Processing Stats

File Path                                         PID    Runtime      # DAGs    # Errors  Last Runtime    Last Run
------------------------------------------------  -----  ---------  --------  ----------  --------------  -------------------
/opt/airflow/dags/recommendation_pipeline_dag.py                           1           0  0.14s           2026-05-05T10:45:01
================================================================================
[2026-05-05T10:45:46.758+0000] {manager.py:879} INFO - 
================================================================================
DAG File Processing Stats

File Path                                         PID    Runtime      # DAGs    # Errors  Last Runtime    Last Run
------------------------------------------------  -----  ---------  --------  ----------  --------------  -------------------
/opt/airflow/dags/recommendation_pipeline_dag.py                           1           0  0.14s           2026-05-05T10:45:32
================================================================================
[2026-05-05T10:46:14.366+0000] {manager.py:879} INFO - 
================================================================================
DAG File Processing Stats

File Path                                         PID    Runtime      # DAGs    # Errors  Last Runtime    Last Run
------------------------------------------------  -----  ---------  --------  ----------  --------------  -------------------
/opt/airflow/dags/recommendation_pipeline_dag.py                           1           0  0.14s           2026-05-05T10:46:03
================================================================================
[2026-05-05T10:46:41.982+0000] {manager.py:879} INFO - 
================================================================================
DAG File Processing Stats

File Path                                         PID    Runtime      # DAGs    # Errors  Last Runtime    Last Run
------------------------------------------------  -----  ---------  --------  ----------  --------------  -------------------
/opt/airflow/dags/recommendation_pipeline_dag.py                           1           0  0.14s           2026-05-05T10:46:33
================================================================================
[2026-05-05T10:47:09.573+0000] {manager.py:879} INFO - 
================================================================================
DAG File Processing Stats

File Path                                         PID    Runtime      # DAGs    # Errors  Last Runtime    Last Run
------------------------------------------------  -----  ---------  --------  ----------  --------------  -------------------
/opt/airflow/dags/recommendation_pipeline_dag.py                           1           0  0.17s           2026-05-05T10:47:04
================================================================================
[2026-05-05T10:47:37.450+0000] {manager.py:879} INFO - 
================================================================================
DAG File Processing Stats

File Path                                         PID    Runtime      # DAGs    # Errors  Last Runtime    Last Run
------------------------------------------------  -----  ---------  --------  ----------  --------------  -------------------
/opt/airflow/dags/recommendation_pipeline_dag.py                           1           0  0.15s           2026-05-05T10:47:35
================================================================================
[2026-05-05T10:48:05.200+0000] {manager.py:879} INFO - 
================================================================================
DAG File Processing Stats

File Path                                           PID  Runtime      # DAGs    # Errors  Last Runtime    Last Run
------------------------------------------------  -----  ---------  --------  ----------  --------------  -------------------
/opt/airflow/dags/recommendation_pipeline_dag.py    355  0.00s             1           0  0.15s           2026-05-05T10:47:35
================================================================================
[2026-05-05T10:48:32.775+0000] {manager.py:879} INFO - 
================================================================================
DAG File Processing Stats

File Path                                         PID    Runtime      # DAGs    # Errors  Last Runtime    Last Run
------------------------------------------------  -----  ---------  --------  ----------  --------------  -------------------
/opt/airflow/dags/recommendation_pipeline_dag.py                           1           0  0.17s           2026-05-05T10:48:05
================================================================================
[2026-05-05T10:49:00.387+0000] {manager.py:879} INFO - 
================================================================================
DAG File Processing Stats

File Path                                         PID    Runtime      # DAGs    # Errors  Last Runtime    Last Run
------------------------------------------------  -----  ---------  --------  ----------  --------------  -------------------
/opt/airflow/dags/recommendation_pipeline_dag.py                           1           0  0.15s           2026-05-05T10:48:35
================================================================================
[2026-05-05T10:49:28.065+0000] {manager.py:879} INFO - 
================================================================================
DAG File Processing Stats

File Path                                         PID    Runtime      # DAGs    # Errors  Last Runtime    Last Run
------------------------------------------------  -----  ---------  --------  ----------  --------------  -------------------
/opt/airflow/dags/recommendation_pipeline_dag.py                           1           0  0.15s           2026-05-05T10:49:06
================================================================================
[2026-05-05T10:49:41.262+0000] {manager.py:738} INFO - Searching for files in /opt/airflow/dags
[2026-05-05T10:49:41.297+0000] {manager.py:741} INFO - There are 1 files in /opt/airflow/dags
[2026-05-05T10:49:55.769+0000] {manager.py:879} INFO - 
================================================================================
DAG File Processing Stats

File Path                                         PID    Runtime      # DAGs    # Errors  Last Runtime    Last Run
------------------------------------------------  -----  ---------  --------  ----------  --------------  -------------------
/opt/airflow/dags/recommendation_pipeline_dag.py                           1           0  0.13s           2026-05-05T10:49:37
================================================================================
[2026-05-05T10:50:23.474+0000] {manager.py:879} INFO - 
================================================================================
DAG File Processing Stats

File Path                                         PID    Runtime      # DAGs    # Errors  Last Runtime    Last Run
------------------------------------------------  -----  ---------  --------  ----------  --------------  -------------------
/opt/airflow/dags/recommendation_pipeline_dag.py                           1           0  0.16s           2026-05-05T10:50:08
================================================================================
[2026-05-05T10:50:51.228+0000] {manager.py:879} INFO - 
================================================================================
DAG File Processing Stats

File Path                                         PID    Runtime      # DAGs    # Errors  Last Runtime    Last Run
------------------------------------------------  -----  ---------  --------  ----------  --------------  -------------------
/opt/airflow/dags/recommendation_pipeline_dag.py                           1           0  0.14s           2026-05-05T10:50:38
================================================================================
[2026-05-05T10:51:18.893+0000] {manager.py:879} INFO - 
================================================================================
DAG File Processing Stats

File Path                                         PID    Runtime      # DAGs    # Errors  Last Runtime    Last Run
------------------------------------------------  -----  ---------  --------  ----------  --------------  -------------------
/opt/airflow/dags/recommendation_pipeline_dag.py                           1           0  0.37s           2026-05-05T10:51:09
================================================================================
[2026-05-05T10:51:46.450+0000] {manager.py:879} INFO - 
================================================================================
DAG File Processing Stats

File Path                                         PID    Runtime      # DAGs    # Errors  Last Runtime    Last Run
------------------------------------------------  -----  ---------  --------  ----------  --------------  -------------------
/opt/airflow/dags/recommendation_pipeline_dag.py                           1           0  0.16s           2026-05-05T10:51:40
================================================================================
[2026-05-05T10:52:14.084+0000] {manager.py:879} INFO - 
================================================================================
DAG File Processing Stats

File Path                                         PID    Runtime      # DAGs    # Errors  Last Runtime    Last Run
------------------------------------------------  -----  ---------  --------  ----------  --------------  -------------------
/opt/airflow/dags/recommendation_pipeline_dag.py                           1           0  0.17s           2026-05-05T10:52:11
================================================================================
[2026-05-05T10:52:41.757+0000] {manager.py:879} INFO - 
================================================================================
DAG File Processing Stats

File Path                                           PID  Runtime      # DAGs    # Errors  Last Runtime    Last Run
------------------------------------------------  -----  ---------  --------  ----------  --------------  -------------------
/opt/airflow/dags/recommendation_pipeline_dag.py    400  0.00s             1           0  0.17s           2026-05-05T10:52:11
================================================================================
[2026-05-05T10:53:09.663+0000] {manager.py:879} INFO - 
================================================================================
DAG File Processing Stats

File Path                                         PID    Runtime      # DAGs    # Errors  Last Runtime    Last Run
------------------------------------------------  -----  ---------  --------  ----------  --------------  -------------------
/opt/airflow/dags/recommendation_pipeline_dag.py                           1           0  0.15s           2026-05-05T10:52:41
================================================================================
[2026-05-05T10:53:37.053+0000] {manager.py:879} INFO - 
================================================================================
DAG File Processing Stats

File Path                                         PID    Runtime      # DAGs    # Errors  Last Runtime    Last Run
------------------------------------------------  -----  ---------  --------  ----------  --------------  -------------------
/opt/airflow/dags/recommendation_pipeline_dag.py                           1           0  0.52s           2026-05-05T10:53:13
================================================================================
[2026-05-05T10:54:04.664+0000] {manager.py:879} INFO - 
================================================================================
DAG File Processing Stats

File Path                                         PID    Runtime      # DAGs    # Errors  Last Runtime    Last Run
------------------------------------------------  -----  ---------  --------  ----------  --------------  -------------------
/opt/airflow/dags/recommendation_pipeline_dag.py                           1           0  0.23s           2026-05-05T10:53:43
================================================================================
[2026-05-05T10:54:32.422+0000] {manager.py:879} INFO - 
================================================================================
DAG File Processing Stats

File Path                                         PID    Runtime      # DAGs    # Errors  Last Runtime    Last Run
------------------------------------------------  -----  ---------  --------  ----------  --------------  -------------------
/opt/airflow/dags/recommendation_pipeline_dag.py                           1           0  0.64s           2026-05-05T10:54:14
================================================================================
[2026-05-05T10:54:41.550+0000] {manager.py:738} INFO - Searching for files in /opt/airflow/dags
[2026-05-05T10:54:41.677+0000] {manager.py:741} INFO - There are 1 files in /opt/airflow/dags
[2026-05-05T10:55:00.001+0000] {manager.py:879} INFO - 
================================================================================
DAG File Processing Stats

File Path                                         PID    Runtime      # DAGs    # Errors  Last Runtime    Last Run
------------------------------------------------  -----  ---------  --------  ----------  --------------  -------------------
/opt/airflow/dags/recommendation_pipeline_dag.py                           1           0  0.51s           2026-05-05T10:54:45
================================================================================
[2026-05-05T10:55:27.284+0000] {manager.py:879} INFO - 
================================================================================
DAG File Processing Stats

File Path                                         PID    Runtime      # DAGs    # Errors  Last Runtime    Last Run
------------------------------------------------  -----  ---------  --------  ----------  --------------  -------------------
/opt/airflow/dags/recommendation_pipeline_dag.py                           1           0  0.33s           2026-05-05T10:55:16
================================================================================
[2026-05-05T10:55:55.314+0000] {manager.py:879} INFO - 
================================================================================
DAG File Processing Stats

File Path                                         PID    Runtime      # DAGs    # Errors  Last Runtime    Last Run
------------------------------------------------  -----  ---------  --------  ----------  --------------  -------------------
/opt/airflow/dags/recommendation_pipeline_dag.py                           1           0  0.34s           2026-05-05T10:55:47
================================================================================
[2026-05-05T10:56:23.172+0000] {manager.py:879} INFO - 
================================================================================
DAG File Processing Stats

File Path                                         PID    Runtime      # DAGs    # Errors  Last Runtime    Last Run
------------------------------------------------  -----  ---------  --------  ----------  --------------  -------------------
/opt/airflow/dags/recommendation_pipeline_dag.py                           1           0  0.21s           2026-05-05T10:56:17
================================================================================
[2026-05-05T10:56:51.034+0000] {manager.py:879} INFO - 
================================================================================
DAG File Processing Stats

File Path                                         PID    Runtime      # DAGs    # Errors  Last Runtime    Last Run
------------------------------------------------  -----  ---------  --------  ----------  --------------  -------------------
/opt/airflow/dags/recommendation_pipeline_dag.py                           1           0  0.19s           2026-05-05T10:56:48
================================================================================
[2026-05-05T10:57:18.793+0000] {manager.py:879} INFO - 
================================================================================
DAG File Processing Stats

File Path                                           PID  Runtime      # DAGs    # Errors  Last Runtime    Last Run
------------------------------------------------  -----  ---------  --------  ----------  --------------  -------------------
/opt/airflow/dags/recommendation_pipeline_dag.py    445  0.01s             1           0  0.19s           2026-05-05T10:56:48
================================================================================
[2026-05-05T10:57:46.468+0000] {manager.py:879} INFO - 
================================================================================
DAG File Processing Stats

File Path                                         PID    Runtime      # DAGs    # Errors  Last Runtime    Last Run
------------------------------------------------  -----  ---------  --------  ----------  --------------  -------------------
/opt/airflow/dags/recommendation_pipeline_dag.py                           1           0  0.29s           2026-05-05T10:57:19
================================================================================
[2026-05-05T10:58:14.351+0000] {manager.py:879} INFO - 
================================================================================
DAG File Processing Stats

File Path                                         PID    Runtime      # DAGs    # Errors  Last Runtime    Last Run
------------------------------------------------  -----  ---------  --------  ----------  --------------  -------------------
/opt/airflow/dags/recommendation_pipeline_dag.py                           1           0  0.34s           2026-05-05T10:57:49
================================================================================
[2026-05-05T10:58:42.268+0000] {manager.py:879} INFO - 
================================================================================
DAG File Processing Stats

File Path                                         PID    Runtime      # DAGs    # Errors  Last Runtime    Last Run
------------------------------------------------  -----  ---------  --------  ----------  --------------  -------------------
/opt/airflow/dags/recommendation_pipeline_dag.py                           1           0  0.41s           2026-05-05T10:58:20
================================================================================
[2026-05-05T10:59:10.256+0000] {manager.py:879} INFO - 
================================================================================
DAG File Processing Stats

File Path                                         PID    Runtime      # DAGs    # Errors  Last Runtime    Last Run
------------------------------------------------  -----  ---------  --------  ----------  --------------  -------------------
/opt/airflow/dags/recommendation_pipeline_dag.py                           1           0  0.24s           2026-05-05T10:58:51
================================================================================
[2026-05-05T10:59:38.041+0000] {manager.py:879} INFO - 
================================================================================
DAG File Processing Stats

File Path                                         PID    Runtime      # DAGs    # Errors  Last Runtime    Last Run
------------------------------------------------  -----  ---------  --------  ----------  --------------  -------------------
/opt/airflow/dags/recommendation_pipeline_dag.py                           1           0  0.32s           2026-05-05T10:59:22
================================================================================
[2026-05-05T10:59:42.133+0000] {manager.py:738} INFO - Searching for files in /opt/airflow/dags
[2026-05-05T10:59:42.196+0000] {manager.py:741} INFO - There are 1 files in /opt/airflow/dags
[2026-05-05T11:00:05.624+0000] {manager.py:879} INFO - 
================================================================================
DAG File Processing Stats

File Path                                         PID    Runtime      # DAGs    # Errors  Last Runtime    Last Run
------------------------------------------------  -----  ---------  --------  ----------  --------------  -------------------
/opt/airflow/dags/recommendation_pipeline_dag.py                           1           0  0.52s           2026-05-05T10:59:53
================================================================================
[2026-05-05T11:00:32.991+0000] {manager.py:879} INFO - 
================================================================================
DAG File Processing Stats

File Path                                         PID    Runtime      # DAGs    # Errors  Last Runtime    Last Run
------------------------------------------------  -----  ---------  --------  ----------  --------------  -------------------
/opt/airflow/dags/recommendation_pipeline_dag.py                           1           0  0.27s           2026-05-05T11:00:23
================================================================================
[2026-05-05T11:01:00.406+0000] {manager.py:879} INFO - 
================================================================================
DAG File Processing Stats

File Path                                         PID    Runtime      # DAGs    # Errors  Last Runtime    Last Run
------------------------------------------------  -----  ---------  --------  ----------  --------------  -------------------
/opt/airflow/dags/recommendation_pipeline_dag.py                           1           0  0.39s           2026-05-05T11:00:55
================================================================================
[2026-05-05T11:01:28.196+0000] {manager.py:879} INFO - 
================================================================================
DAG File Processing Stats

File Path                                         PID    Runtime      # DAGs    # Errors  Last Runtime    Last Run
------------------------------------------------  -----  ---------  --------  ----------  --------------  -------------------
/opt/airflow/dags/recommendation_pipeline_dag.py                           1           0  0.41s           2026-05-05T11:01:26
================================================================================
[2026-05-05T11:01:55.941+0000] {manager.py:879} INFO - 
================================================================================
DAG File Processing Stats

File Path                                         PID    Runtime      # DAGs    # Errors  Last Runtime    Last Run
------------------------------------------------  -----  ---------  --------  ----------  --------------  -------------------
/opt/airflow/dags/recommendation_pipeline_dag.py                           1           0  0.41s           2026-05-05T11:01:26
================================================================================
[2026-05-05T11:02:23.851+0000] {manager.py:879} INFO - 
================================================================================
DAG File Processing Stats

File Path                                         PID    Runtime      # DAGs    # Errors  Last Runtime    Last Run
------------------------------------------------  -----  ---------  --------  ----------  --------------  -------------------
/opt/airflow/dags/recommendation_pipeline_dag.py                           1           0  0.39s           2026-05-05T11:01:57
================================================================================
[2026-05-05T11:02:51.195+0000] {manager.py:879} INFO - 
================================================================================
DAG File Processing Stats

File Path                                         PID    Runtime      # DAGs    # Errors  Last Runtime    Last Run
------------------------------------------------  -----  ---------  --------  ----------  --------------  -------------------
/opt/airflow/dags/recommendation_pipeline_dag.py                           1           0  0.60s           2026-05-05T11:02:28
================================================================================
[2026-05-05T11:03:19.006+0000] {manager.py:879} INFO - 
================================================================================
DAG File Processing Stats

File Path                                         PID    Runtime      # DAGs    # Errors  Last Runtime    Last Run
------------------------------------------------  -----  ---------  --------  ----------  --------------  -------------------
/opt/airflow/dags/recommendation_pipeline_dag.py                           1           0  0.41s           2026-05-05T11:02:59
================================================================================
[2026-05-05T11:03:46.817+0000] {manager.py:879} INFO - 
================================================================================
DAG File Processing Stats

File Path                                         PID    Runtime      # DAGs    # Errors  Last Runtime    Last Run
------------------------------------------------  -----  ---------  --------  ----------  --------------  -------------------
/opt/airflow/dags/recommendation_pipeline_dag.py                           1           0  0.32s           2026-05-05T11:03:30
================================================================================
[2026-05-05T11:04:14.338+0000] {manager.py:879} INFO - 
================================================================================
DAG File Processing Stats

File Path                                         PID    Runtime      # DAGs    # Errors  Last Runtime    Last Run
------------------------------------------------  -----  ---------  --------  ----------  --------------  -------------------
/opt/airflow/dags/recommendation_pipeline_dag.py                           1           0  0.34s           2026-05-05T11:04:01
================================================================================
[2026-05-05T11:04:41.836+0000] {manager.py:879} INFO - 
================================================================================
DAG File Processing Stats

File Path                                         PID    Runtime      # DAGs    # Errors  Last Runtime    Last Run
------------------------------------------------  -----  ---------  --------  ----------  --------------  -------------------
/opt/airflow/dags/recommendation_pipeline_dag.py                           1           0  0.37s           2026-05-05T11:04:31
================================================================================
[2026-05-05T11:04:42.165+0000] {manager.py:738} INFO - Searching for files in /opt/airflow/dags
[2026-05-05T11:04:42.254+0000] {manager.py:741} INFO - There are 1 files in /opt/airflow/dags
[2026-05-05T11:05:09.239+0000] {manager.py:879} INFO - 
================================================================================
DAG File Processing Stats

File Path                                         PID    Runtime      # DAGs    # Errors  Last Runtime    Last Run
------------------------------------------------  -----  ---------  --------  ----------  --------------  -------------------
/opt/airflow/dags/recommendation_pipeline_dag.py                           1           0  0.50s           2026-05-05T11:05:03
================================================================================
[2026-05-05T11:05:37.043+0000] {manager.py:879} INFO - 
================================================================================
DAG File Processing Stats

File Path                                         PID    Runtime      # DAGs    # Errors  Last Runtime    Last Run
------------------------------------------------  -----  ---------  --------  ----------  --------------  -------------------
/opt/airflow/dags/recommendation_pipeline_dag.py                           1           0  0.47s           2026-05-05T11:05:34
================================================================================
[2026-05-05T11:06:04.872+0000] {manager.py:879} INFO - 
================================================================================
DAG File Processing Stats

File Path                                           PID  Runtime      # DAGs    # Errors  Last Runtime    Last Run
------------------------------------------------  -----  ---------  --------  ----------  --------------  -------------------
/opt/airflow/dags/recommendation_pipeline_dag.py    530  0.01s             1           0  0.47s           2026-05-05T11:05:34
================================================================================
[2026-05-05T11:06:32.946+0000] {manager.py:879} INFO - 
================================================================================
DAG File Processing Stats

File Path                                         PID    Runtime      # DAGs    # Errors  Last Runtime    Last Run
------------------------------------------------  -----  ---------  --------  ----------  --------------  -------------------
/opt/airflow/dags/recommendation_pipeline_dag.py                           1           0  0.49s           2026-05-05T11:06:05
================================================================================
[2026-05-05T11:07:00.964+0000] {manager.py:879} INFO - 
================================================================================
DAG File Processing Stats

File Path                                         PID    Runtime      # DAGs    # Errors  Last Runtime    Last Run
------------------------------------------------  -----  ---------  --------  ----------  --------------  -------------------
/opt/airflow/dags/recommendation_pipeline_dag.py                           1           0  0.37s           2026-05-05T11:06:36
================================================================================
[2026-05-05T11:07:28.287+0000] {manager.py:879} INFO - 
================================================================================
DAG File Processing Stats

File Path                                         PID    Runtime      # DAGs    # Errors  Last Runtime    Last Run
------------------------------------------------  -----  ---------  --------  ----------  --------------  -------------------
/opt/airflow/dags/recommendation_pipeline_dag.py                           1           0  0.47s           2026-05-05T11:07:07
================================================================================
[2026-05-05T11:07:56.103+0000] {manager.py:879} INFO - 
================================================================================
DAG File Processing Stats

File Path                                         PID    Runtime      # DAGs    # Errors  Last Runtime    Last Run
------------------------------------------------  -----  ---------  --------  ----------  --------------  -------------------
/opt/airflow/dags/recommendation_pipeline_dag.py                           1           0  0.39s           2026-05-05T11:07:38
================================================================================
[2026-05-05T11:08:23.410+0000] {manager.py:879} INFO - 
================================================================================
DAG File Processing Stats

File Path                                         PID    Runtime      # DAGs    # Errors  Last Runtime    Last Run
------------------------------------------------  -----  ---------  --------  ----------  --------------  -------------------
/opt/airflow/dags/recommendation_pipeline_dag.py                           1           0  0.47s           2026-05-05T11:08:09
================================================================================
[2026-05-05T11:08:50.756+0000] {manager.py:879} INFO - 
================================================================================
DAG File Processing Stats

File Path                                         PID    Runtime      # DAGs    # Errors  Last Runtime    Last Run
------------------------------------------------  -----  ---------  --------  ----------  --------------  -------------------
/opt/airflow/dags/recommendation_pipeline_dag.py                           1           0  0.64s           2026-05-05T11:08:40
================================================================================
[2026-05-05T11:09:18.426+0000] {manager.py:879} INFO - 
================================================================================
DAG File Processing Stats

File Path                                         PID    Runtime      # DAGs    # Errors  Last Runtime    Last Run
------------------------------------------------  -----  ---------  --------  ----------  --------------  -------------------
/opt/airflow/dags/recommendation_pipeline_dag.py                           1           0  0.41s           2026-05-05T11:09:11
================================================================================
[2026-05-05T11:09:42.786+0000] {manager.py:738} INFO - Searching for files in /opt/airflow/dags
[2026-05-05T11:09:42.857+0000] {manager.py:741} INFO - There are 1 files in /opt/airflow/dags
[2026-05-05T11:09:45.932+0000] {manager.py:879} INFO - 
================================================================================
DAG File Processing Stats

File Path                                         PID    Runtime      # DAGs    # Errors  Last Runtime    Last Run
------------------------------------------------  -----  ---------  --------  ----------  --------------  -------------------
/opt/airflow/dags/recommendation_pipeline_dag.py                           1           0  0.28s           2026-05-05T11:09:42
================================================================================
[2026-05-05T11:10:13.926+0000] {manager.py:879} INFO - 
================================================================================
DAG File Processing Stats

File Path                                         PID    Runtime      # DAGs    # Errors  Last Runtime    Last Run
------------------------------------------------  -----  ---------  --------  ----------  --------------  -------------------
/opt/airflow/dags/recommendation_pipeline_dag.py                           1           0  0.39s           2026-05-05T11:10:13
================================================================================
[2026-05-05T11:10:41.712+0000] {manager.py:879} INFO - 
================================================================================
DAG File Processing Stats

File Path                                         PID    Runtime      # DAGs    # Errors  Last Runtime    Last Run
------------------------------------------------  -----  ---------  --------  ----------  --------------  -------------------
/opt/airflow/dags/recommendation_pipeline_dag.py                           1           0  0.39s           2026-05-05T11:10:13
================================================================================
[2026-05-05T11:11:09.010+0000] {manager.py:879} INFO - 
================================================================================
DAG File Processing Stats

File Path                                         PID    Runtime      # DAGs    # Errors  Last Runtime    Last Run
------------------------------------------------  -----  ---------  --------  ----------  --------------  -------------------
/opt/airflow/dags/recommendation_pipeline_dag.py                           1           0  0.43s           2026-05-05T11:10:44
================================================================================
[2026-05-05T11:11:36.649+0000] {manager.py:879} INFO - 
================================================================================
DAG File Processing Stats

File Path                                         PID    Runtime      # DAGs    # Errors  Last Runtime    Last Run
------------------------------------------------  -----  ---------  --------  ----------  --------------  -------------------
/opt/airflow/dags/recommendation_pipeline_dag.py                           1           0  -2.52s          2026-05-05T11:11:12
================================================================================
[2026-05-05T11:12:04.663+0000] {manager.py:879} INFO - 
================================================================================
DAG File Processing Stats

File Path                                         PID    Runtime      # DAGs    # Errors  Last Runtime    Last Run
------------------------------------------------  -----  ---------  --------  ----------  --------------  -------------------
/opt/airflow/dags/recommendation_pipeline_dag.py                           1           0  0.35s           2026-05-05T11:11:43
================================================================================
[2026-05-05T11:12:32.777+0000] {manager.py:879} INFO - 
================================================================================
DAG File Processing Stats

File Path                                         PID    Runtime      # DAGs    # Errors  Last Runtime    Last Run
------------------------------------------------  -----  ---------  --------  ----------  --------------  -------------------
/opt/airflow/dags/recommendation_pipeline_dag.py                           1           0  0.39s           2026-05-05T11:12:14
================================================================================
[2026-05-05T11:13:00.199+0000] {manager.py:879} INFO - 
================================================================================
DAG File Processing Stats

File Path                                         PID    Runtime      # DAGs    # Errors  Last Runtime    Last Run
------------------------------------------------  -----  ---------  --------  ----------  --------------  -------------------
/opt/airflow/dags/recommendation_pipeline_dag.py                           1           0  0.43s           2026-05-05T11:12:45
================================================================================
[2026-05-05T11:13:28.038+0000] {manager.py:879} INFO - 
================================================================================
DAG File Processing Stats

File Path                                         PID    Runtime      # DAGs    # Errors  Last Runtime    Last Run
------------------------------------------------  -----  ---------  --------  ----------  --------------  -------------------
/opt/airflow/dags/recommendation_pipeline_dag.py                           1           0  0.40s           2026-05-05T11:13:16
================================================================================
[2026-05-05T11:13:55.531+0000] {manager.py:879} INFO - 
================================================================================
DAG File Processing Stats

File Path                                         PID    Runtime      # DAGs    # Errors  Last Runtime    Last Run
------------------------------------------------  -----  ---------  --------  ----------  --------------  -------------------
/opt/airflow/dags/recommendation_pipeline_dag.py                           1           0  0.55s           2026-05-05T11:13:48
================================================================================
[2026-05-05T11:14:22.842+0000] {manager.py:879} INFO - 
================================================================================
DAG File Processing Stats

File Path                                         PID    Runtime      # DAGs    # Errors  Last Runtime    Last Run
------------------------------------------------  -----  ---------  --------  ----------  --------------  -------------------
/opt/airflow/dags/recommendation_pipeline_dag.py                           1           0  0.42s           2026-05-05T11:14:19
================================================================================
[2026-05-05T11:14:43.349+0000] {manager.py:738} INFO - Searching for files in /opt/airflow/dags
[2026-05-05T11:14:43.405+0000] {manager.py:741} INFO - There are 1 files in /opt/airflow/dags
[2026-05-05T11:14:50.510+0000] {manager.py:879} INFO - 
================================================================================
DAG File Processing Stats

File Path                                         PID    Runtime      # DAGs    # Errors  Last Runtime    Last Run
------------------------------------------------  -----  ---------  --------  ----------  --------------  -------------------
/opt/airflow/dags/recommendation_pipeline_dag.py                           1           0  0.33s           2026-05-05T11:14:38
================================================================================
[2026-05-05T11:15:17.929+0000] {manager.py:879} INFO - 
================================================================================
DAG File Processing Stats

File Path                                         PID    Runtime      # DAGs    # Errors  Last Runtime    Last Run
------------------------------------------------  -----  ---------  --------  ----------  --------------  -------------------
/opt/airflow/dags/recommendation_pipeline_dag.py                           1           0  0.51s           2026-05-05T11:15:09
================================================================================
[2026-05-05T11:15:19.253+0000] {manager.py:451} INFO - Exiting gracefully upon receiving signal 15
[2026-05-05T11:15:35.514+0000] {manager.py:469} INFO - Processing files using up to 2 processes at a time 
[2026-05-05T11:15:35.515+0000] {manager.py:470} INFO - Process each file at most once every 30 seconds
[2026-05-05T11:15:35.515+0000] {manager.py:471} INFO - Checking for new files in /opt/airflow/dags every 300 seconds
[2026-05-05T11:15:35.516+0000] {manager.py:738} INFO - Searching for files in /opt/airflow/dags
[2026-05-05T11:15:35.551+0000] {manager.py:741} INFO - There are 1 files in /opt/airflow/dags
[2026-05-05T11:15:35.710+0000] {manager.py:879} INFO - 
================================================================================
DAG File Processing Stats

File Path                                           PID  Runtime      # DAGs    # Errors  Last Runtime    Last Run
------------------------------------------------  -----  ---------  --------  ----------  --------------  ----------
/opt/airflow/dags/recommendation_pipeline_dag.py    171  0.08s             0           0
================================================================================
[2026-05-05T11:16:03.618+0000] {manager.py:879} INFO - 
================================================================================
DAG File Processing Stats

File Path                                         PID    Runtime      # DAGs    # Errors  Last Runtime    Last Run
------------------------------------------------  -----  ---------  --------  ----------  --------------  -------------------
/opt/airflow/dags/recommendation_pipeline_dag.py                           1           0  0.39s           2026-05-05T11:15:36
================================================================================
[2026-05-05T11:16:31.132+0000] {manager.py:879} INFO - 
================================================================================
DAG File Processing Stats

File Path                                         PID    Runtime      # DAGs    # Errors  Last Runtime    Last Run
------------------------------------------------  -----  ---------  --------  ----------  --------------  -------------------
/opt/airflow/dags/recommendation_pipeline_dag.py                           1           0  0.55s           2026-05-05T11:16:07
================================================================================
[2026-05-05T11:16:58.537+0000] {manager.py:879} INFO - 
================================================================================
DAG File Processing Stats

File Path                                         PID    Runtime      # DAGs    # Errors  Last Runtime    Last Run
------------------------------------------------  -----  ---------  --------  ----------  --------------  -------------------
/opt/airflow/dags/recommendation_pipeline_dag.py                           1           0  0.41s           2026-05-05T11:16:38
================================================================================
[2026-05-05T11:17:25.943+0000] {manager.py:879} INFO - 
================================================================================
DAG File Processing Stats

File Path                                         PID    Runtime      # DAGs    # Errors  Last Runtime    Last Run
------------------------------------------------  -----  ---------  --------  ----------  --------------  -------------------
/opt/airflow/dags/recommendation_pipeline_dag.py                           1           0  0.52s           2026-05-05T11:17:09
================================================================================
[2026-05-05T11:17:53.656+0000] {manager.py:879} INFO - 
================================================================================
DAG File Processing Stats

File Path                                         PID    Runtime      # DAGs    # Errors  Last Runtime    Last Run
------------------------------------------------  -----  ---------  --------  ----------  --------------  -------------------
/opt/airflow/dags/recommendation_pipeline_dag.py                           1           0  0.54s           2026-05-05T11:17:40
================================================================================
[2026-05-05T11:18:21.338+0000] {manager.py:879} INFO - 
================================================================================
DAG File Processing Stats

File Path                                         PID    Runtime      # DAGs    # Errors  Last Runtime    Last Run
------------------------------------------------  -----  ---------  --------  ----------  --------------  -------------------
/opt/airflow/dags/recommendation_pipeline_dag.py                           1           0  0.23s           2026-05-05T11:18:10
================================================================================
[2026-05-05T11:18:49.174+0000] {manager.py:879} INFO - 
================================================================================
DAG File Processing Stats

File Path                                         PID    Runtime      # DAGs    # Errors  Last Runtime    Last Run
------------------------------------------------  -----  ---------  --------  ----------  --------------  -------------------
/opt/airflow/dags/recommendation_pipeline_dag.py                           1           0  0.22s           2026-05-05T11:18:41
================================================================================
[2026-05-05T11:19:16.784+0000] {manager.py:879} INFO - 
================================================================================
DAG File Processing Stats

File Path                                         PID    Runtime      # DAGs    # Errors  Last Runtime    Last Run
------------------------------------------------  -----  ---------  --------  ----------  --------------  -------------------
/opt/airflow/dags/recommendation_pipeline_dag.py                           1           0  0.76s           2026-05-05T11:19:12
================================================================================
[2026-05-05T11:19:44.381+0000] {manager.py:879} INFO - 
================================================================================
DAG File Processing Stats

File Path                                         PID    Runtime      # DAGs    # Errors  Last Runtime    Last Run
------------------------------------------------  -----  ---------  --------  ----------  --------------  -------------------
/opt/airflow/dags/recommendation_pipeline_dag.py                           1           0  0.48s           2026-05-05T11:19:43
================================================================================
[2026-05-05T11:20:11.759+0000] {manager.py:879} INFO - 
================================================================================
DAG File Processing Stats

File Path                                         PID    Runtime      # DAGs    # Errors  Last Runtime    Last Run
------------------------------------------------  -----  ---------  --------  ----------  --------------  -------------------
/opt/airflow/dags/recommendation_pipeline_dag.py                           1           0  0.48s           2026-05-05T11:19:43
================================================================================
[2026-05-05T11:20:36.022+0000] {manager.py:738} INFO - Searching for files in /opt/airflow/dags
[2026-05-05T11:20:36.175+0000] {manager.py:741} INFO - There are 1 files in /opt/airflow/dags
[2026-05-05T11:20:39.302+0000] {manager.py:879} INFO - 
================================================================================
DAG File Processing Stats

File Path                                         PID    Runtime      # DAGs    # Errors  Last Runtime    Last Run
------------------------------------------------  -----  ---------  --------  ----------  --------------  -------------------
/opt/airflow/dags/recommendation_pipeline_dag.py                           1           0  0.54s           2026-05-05T11:20:14
================================================================================
[2026-05-05T11:21:07.221+0000] {manager.py:879} INFO - 
================================================================================
DAG File Processing Stats

File Path                                         PID    Runtime      # DAGs    # Errors  Last Runtime    Last Run
------------------------------------------------  -----  ---------  --------  ----------  --------------  -------------------
/opt/airflow/dags/recommendation_pipeline_dag.py                           1           0  0.30s           2026-05-05T11:20:44
================================================================================
[2026-05-05T11:21:35.258+0000] {manager.py:879} INFO - 
================================================================================
DAG File Processing Stats

File Path                                         PID    Runtime      # DAGs    # Errors  Last Runtime    Last Run
------------------------------------------------  -----  ---------  --------  ----------  --------------  -------------------
/opt/airflow/dags/recommendation_pipeline_dag.py                           1           0  0.71s           2026-05-05T11:21:15
================================================================================
[2026-05-05T11:22:03.249+0000] {manager.py:879} INFO - 
================================================================================
DAG File Processing Stats

File Path                                         PID    Runtime      # DAGs    # Errors  Last Runtime    Last Run
------------------------------------------------  -----  ---------  --------  ----------  --------------  -------------------
/opt/airflow/dags/recommendation_pipeline_dag.py                           1           0  0.37s           2026-05-05T11:21:46
================================================================================
[2026-05-05T11:22:31.323+0000] {manager.py:879} INFO - 
================================================================================
DAG File Processing Stats

File Path                                         PID    Runtime      # DAGs    # Errors  Last Runtime    Last Run
------------------------------------------------  -----  ---------  --------  ----------  --------------  -------------------
/opt/airflow/dags/recommendation_pipeline_dag.py                           1           0  0.32s           2026-05-05T11:22:17
================================================================================
[2026-05-05T11:22:58.665+0000] {manager.py:879} INFO - 
================================================================================
DAG File Processing Stats

File Path                                         PID    Runtime      # DAGs    # Errors  Last Runtime    Last Run
------------------------------------------------  -----  ---------  --------  ----------  --------------  -------------------
/opt/airflow/dags/recommendation_pipeline_dag.py                           1           0  0.46s           2026-05-05T11:22:48
================================================================================
[2026-05-05T11:23:26.141+0000] {manager.py:879} INFO - 
================================================================================
DAG File Processing Stats

File Path                                         PID    Runtime      # DAGs    # Errors  Last Runtime    Last Run
------------------------------------------------  -----  ---------  --------  ----------  --------------  -------------------
/opt/airflow/dags/recommendation_pipeline_dag.py                           1           0  0.39s           2026-05-05T11:23:19
================================================================================
[2026-05-05T11:23:54.032+0000] {manager.py:879} INFO - 
================================================================================
DAG File Processing Stats

File Path                                         PID    Runtime      # DAGs    # Errors  Last Runtime    Last Run
------------------------------------------------  -----  ---------  --------  ----------  --------------  -------------------
/opt/airflow/dags/recommendation_pipeline_dag.py                           1           0  0.21s           2026-05-05T11:23:50
================================================================================
[2026-05-05T11:24:21.755+0000] {manager.py:879} INFO - 
================================================================================
DAG File Processing Stats

File Path                                         PID    Runtime      # DAGs    # Errors  Last Runtime    Last Run
------------------------------------------------  -----  ---------  --------  ----------  --------------  -------------------
/opt/airflow/dags/recommendation_pipeline_dag.py                           1           0  0.82s           2026-05-05T11:24:21
================================================================================
[2026-05-05T11:24:49.578+0000] {manager.py:879} INFO - 
================================================================================
DAG File Processing Stats

File Path                                         PID    Runtime      # DAGs    # Errors  Last Runtime    Last Run
------------------------------------------------  -----  ---------  --------  ----------  --------------  -------------------
/opt/airflow/dags/recommendation_pipeline_dag.py                           1           0  0.82s           2026-05-05T11:24:21
================================================================================
[2026-05-05T11:25:17.087+0000] {manager.py:879} INFO - 
================================================================================
DAG File Processing Stats

File Path                                         PID    Runtime      # DAGs    # Errors  Last Runtime    Last Run
------------------------------------------------  -----  ---------  --------  ----------  --------------  -------------------
/opt/airflow/dags/recommendation_pipeline_dag.py                           1           0  0.35s           2026-05-05T11:24:52
================================================================================
[2026-05-05T11:25:36.039+0000] {manager.py:738} INFO - Searching for files in /opt/airflow/dags
[2026-05-05T11:25:36.168+0000] {manager.py:741} INFO - There are 1 files in /opt/airflow/dags
[2026-05-05T11:25:44.384+0000] {manager.py:879} INFO - 
================================================================================
DAG File Processing Stats

File Path                                         PID    Runtime      # DAGs    # Errors  Last Runtime    Last Run
------------------------------------------------  -----  ---------  --------  ----------  --------------  -------------------
/opt/airflow/dags/recommendation_pipeline_dag.py                           1           0  0.28s           2026-05-05T11:25:22
================================================================================
[2026-05-05T11:26:12.233+0000] {manager.py:879} INFO - 
================================================================================
DAG File Processing Stats

File Path                                         PID    Runtime      # DAGs    # Errors  Last Runtime    Last Run
------------------------------------------------  -----  ---------  --------  ----------  --------------  -------------------
/opt/airflow/dags/recommendation_pipeline_dag.py                           1           0  0.27s           2026-05-05T11:25:53
================================================================================
[2026-05-05T11:26:39.550+0000] {manager.py:879} INFO - 
================================================================================
DAG File Processing Stats

File Path                                         PID    Runtime      # DAGs    # Errors  Last Runtime    Last Run
------------------------------------------------  -----  ---------  --------  ----------  --------------  -------------------
/opt/airflow/dags/recommendation_pipeline_dag.py                           1           0  0.56s           2026-05-05T11:26:24
================================================================================
[2026-05-05T11:27:07.333+0000] {manager.py:879} INFO - 
================================================================================
DAG File Processing Stats

File Path                                         PID    Runtime      # DAGs    # Errors  Last Runtime    Last Run
------------------------------------------------  -----  ---------  --------  ----------  --------------  -------------------
/opt/airflow/dags/recommendation_pipeline_dag.py                           1           0  0.68s           2026-05-05T11:26:55
================================================================================
[2026-05-05T11:27:34.937+0000] {manager.py:879} INFO - 
================================================================================
DAG File Processing Stats

File Path                                         PID    Runtime      # DAGs    # Errors  Last Runtime    Last Run
------------------------------------------------  -----  ---------  --------  ----------  --------------  -------------------
/opt/airflow/dags/recommendation_pipeline_dag.py                           1           0  0.69s           2026-05-05T11:27:26
================================================================================
[2026-05-05T11:28:02.770+0000] {manager.py:879} INFO - 
================================================================================
DAG File Processing Stats

File Path                                         PID    Runtime      # DAGs    # Errors  Last Runtime    Last Run
------------------------------------------------  -----  ---------  --------  ----------  --------------  -------------------
/opt/airflow/dags/recommendation_pipeline_dag.py                           1           0  0.59s           2026-05-05T11:27:57
================================================================================
[2026-05-05T11:28:30.318+0000] {manager.py:879} INFO - 
================================================================================
DAG File Processing Stats

File Path                                         PID    Runtime      # DAGs    # Errors  Last Runtime    Last Run
------------------------------------------------  -----  ---------  --------  ----------  --------------  -------------------
/opt/airflow/dags/recommendation_pipeline_dag.py                           1           0  0.67s           2026-05-05T11:28:29
================================================================================
[2026-05-05T11:28:57.599+0000] {manager.py:879} INFO - 
================================================================================
DAG File Processing Stats

File Path                                         PID    Runtime      # DAGs    # Errors  Last Runtime    Last Run
------------------------------------------------  -----  ---------  --------  ----------  --------------  -------------------
/opt/airflow/dags/recommendation_pipeline_dag.py                           1           0  0.67s           2026-05-05T11:28:29
================================================================================
[2026-05-05T11:29:25.450+0000] {manager.py:879} INFO - 
================================================================================
DAG File Processing Stats

File Path                                         PID    Runtime      # DAGs    # Errors  Last Runtime    Last Run
------------------------------------------------  -----  ---------  --------  ----------  --------------  -------------------
/opt/airflow/dags/recommendation_pipeline_dag.py                           1           0  0.63s           2026-05-05T11:29:00
================================================================================
[2026-05-05T11:29:53.022+0000] {manager.py:879} INFO - 
================================================================================
DAG File Processing Stats

File Path                                         PID    Runtime      # DAGs    # Errors  Last Runtime    Last Run
------------------------------------------------  -----  ---------  --------  ----------  --------------  -------------------
/opt/airflow/dags/recommendation_pipeline_dag.py                           1           0  0.67s           2026-05-05T11:29:31
================================================================================
[2026-05-05T11:30:20.350+0000] {manager.py:879} INFO - 
================================================================================
DAG File Processing Stats

File Path                                         PID    Runtime      # DAGs    # Errors  Last Runtime    Last Run
------------------------------------------------  -----  ---------  --------  ----------  --------------  -------------------
/opt/airflow/dags/recommendation_pipeline_dag.py                           1           0  0.17s           2026-05-05T11:30:02
================================================================================
[2026-05-05T11:30:36.057+0000] {manager.py:738} INFO - Searching for files in /opt/airflow/dags
[2026-05-05T11:30:36.171+0000] {manager.py:741} INFO - There are 1 files in /opt/airflow/dags
[2026-05-05T11:30:47.720+0000] {manager.py:879} INFO - 
================================================================================
DAG File Processing Stats

File Path                                         PID    Runtime      # DAGs    # Errors  Last Runtime    Last Run
------------------------------------------------  -----  ---------  --------  ----------  --------------  -------------------
/opt/airflow/dags/recommendation_pipeline_dag.py                           1           0  0.65s           2026-05-05T11:30:33
================================================================================
[2026-05-05T11:31:15.163+0000] {manager.py:879} INFO - 
================================================================================
DAG File Processing Stats

File Path                                         PID    Runtime      # DAGs    # Errors  Last Runtime    Last Run
------------------------------------------------  -----  ---------  --------  ----------  --------------  -------------------
/opt/airflow/dags/recommendation_pipeline_dag.py                           1           0  0.24s           2026-05-05T11:31:04
================================================================================
[2026-05-05T11:31:43.480+0000] {manager.py:879} INFO - 
================================================================================
DAG File Processing Stats

File Path                                         PID    Runtime      # DAGs    # Errors  Last Runtime    Last Run
------------------------------------------------  -----  ---------  --------  ----------  --------------  -------------------
/opt/airflow/dags/recommendation_pipeline_dag.py                           1           0  0.61s           2026-05-05T11:31:35
================================================================================
[2026-05-05T11:32:07.656+0000] {manager.py:879} INFO - 
================================================================================
DAG File Processing Stats

File Path                                         PID    Runtime      # DAGs    # Errors  Last Runtime    Last Run
------------------------------------------------  -----  ---------  --------  ----------  --------------  -------------------
/opt/airflow/dags/recommendation_pipeline_dag.py                           1           0  0.53s           2026-05-05T11:32:06
================================================================================
[2026-05-05T11:32:35.222+0000] {manager.py:879} INFO - 
================================================================================
DAG File Processing Stats

File Path                                         PID    Runtime      # DAGs    # Errors  Last Runtime    Last Run
------------------------------------------------  -----  ---------  --------  ----------  --------------  -------------------
/opt/airflow/dags/recommendation_pipeline_dag.py                           1           0  -2.82s          2026-05-05T11:32:35
================================================================================
[2026-05-05T11:33:02.967+0000] {manager.py:879} INFO - 
================================================================================
DAG File Processing Stats

File Path                                         PID    Runtime      # DAGs    # Errors  Last Runtime    Last Run
------------------------------------------------  -----  ---------  --------  ----------  --------------  -------------------
/opt/airflow/dags/recommendation_pipeline_dag.py                           1           0  -2.82s          2026-05-05T11:32:35
================================================================================
[2026-05-05T11:33:30.791+0000] {manager.py:879} INFO - 
================================================================================
DAG File Processing Stats

File Path                                         PID    Runtime      # DAGs    # Errors  Last Runtime    Last Run
------------------------------------------------  -----  ---------  --------  ----------  --------------  -------------------
/opt/airflow/dags/recommendation_pipeline_dag.py                           1           0  0.58s           2026-05-05T11:33:05
================================================================================
[2026-05-05T11:33:58.522+0000] {manager.py:879} INFO - 
================================================================================
DAG File Processing Stats

File Path                                         PID    Runtime      # DAGs    # Errors  Last Runtime    Last Run
------------------------------------------------  -----  ---------  --------  ----------  --------------  -------------------
/opt/airflow/dags/recommendation_pipeline_dag.py                           1           0  0.47s           2026-05-05T11:33:36
================================================================================
[2026-05-05T11:34:26.303+0000] {manager.py:879} INFO - 
================================================================================
DAG File Processing Stats

File Path                                         PID    Runtime      # DAGs    # Errors  Last Runtime    Last Run
------------------------------------------------  -----  ---------  --------  ----------  --------------  -------------------
/opt/airflow/dags/recommendation_pipeline_dag.py                           1           0  0.68s           2026-05-05T11:34:07
================================================================================
[2026-05-05T11:34:53.793+0000] {manager.py:879} INFO - 
================================================================================
DAG File Processing Stats

File Path                                         PID    Runtime      # DAGs    # Errors  Last Runtime    Last Run
------------------------------------------------  -----  ---------  --------  ----------  --------------  -------------------
/opt/airflow/dags/recommendation_pipeline_dag.py                           1           0  0.64s           2026-05-05T11:34:39
================================================================================
[2026-05-05T11:35:21.124+0000] {manager.py:879} INFO - 
================================================================================
DAG File Processing Stats

File Path                                         PID    Runtime      # DAGs    # Errors  Last Runtime    Last Run
------------------------------------------------  -----  ---------  --------  ----------  --------------  -------------------
/opt/airflow/dags/recommendation_pipeline_dag.py                           1           0  0.19s           2026-05-05T11:35:09
================================================================================
[2026-05-05T11:35:36.346+0000] {manager.py:738} INFO - Searching for files in /opt/airflow/dags
[2026-05-05T11:35:36.463+0000] {manager.py:741} INFO - There are 1 files in /opt/airflow/dags
[2026-05-05T11:35:49.222+0000] {manager.py:879} INFO - 
================================================================================
DAG File Processing Stats

File Path                                         PID    Runtime      # DAGs    # Errors  Last Runtime    Last Run
------------------------------------------------  -----  ---------  --------  ----------  --------------  -------------------
/opt/airflow/dags/recommendation_pipeline_dag.py                           1           0  0.24s           2026-05-05T11:35:40
================================================================================
[2026-05-05T11:36:16.714+0000] {manager.py:879} INFO - 
================================================================================
DAG File Processing Stats

File Path                                         PID    Runtime      # DAGs    # Errors  Last Runtime    Last Run
------------------------------------------------  -----  ---------  --------  ----------  --------------  -------------------
/opt/airflow/dags/recommendation_pipeline_dag.py                           1           0  0.58s           2026-05-05T11:36:12
================================================================================
[2026-05-05T11:36:44.436+0000] {manager.py:879} INFO - 
================================================================================
DAG File Processing Stats

File Path                                         PID    Runtime      # DAGs    # Errors  Last Runtime    Last Run
------------------------------------------------  -----  ---------  --------  ----------  --------------  -------------------
/opt/airflow/dags/recommendation_pipeline_dag.py                           1           0  -2.30s          2026-05-05T11:36:40
================================================================================
[2026-05-05T11:37:12.169+0000] {manager.py:879} INFO - 
================================================================================
DAG File Processing Stats

File Path                                         PID    Runtime      # DAGs    # Errors  Last Runtime    Last Run
------------------------------------------------  -----  ---------  --------  ----------  --------------  -------------------
/opt/airflow/dags/recommendation_pipeline_dag.py                           1           0  0.54s           2026-05-05T11:37:11
================================================================================
[2026-05-05T11:37:39.981+0000] {manager.py:879} INFO - 
================================================================================
DAG File Processing Stats

File Path                                         PID    Runtime      # DAGs    # Errors  Last Runtime    Last Run
------------------------------------------------  -----  ---------  --------  ----------  --------------  -------------------
/opt/airflow/dags/recommendation_pipeline_dag.py                           1           0  0.54s           2026-05-05T11:37:11
================================================================================
[2026-05-05T11:38:07.995+0000] {manager.py:879} INFO - 
================================================================================
DAG File Processing Stats

File Path                                         PID    Runtime      # DAGs    # Errors  Last Runtime    Last Run
------------------------------------------------  -----  ---------  --------  ----------  --------------  -------------------
/opt/airflow/dags/recommendation_pipeline_dag.py                           1           0  0.36s           2026-05-05T11:37:42
================================================================================
[2026-05-05T11:38:35.353+0000] {manager.py:879} INFO - 
================================================================================
DAG File Processing Stats

File Path                                         PID    Runtime      # DAGs    # Errors  Last Runtime    Last Run
------------------------------------------------  -----  ---------  --------  ----------  --------------  -------------------
/opt/airflow/dags/recommendation_pipeline_dag.py                           1           0  0.53s           2026-05-05T11:38:13
================================================================================
[2026-05-05T11:39:02.749+0000] {manager.py:879} INFO - 
================================================================================
DAG File Processing Stats

File Path                                         PID    Runtime      # DAGs    # Errors  Last Runtime    Last Run
------------------------------------------------  -----  ---------  --------  ----------  --------------  -------------------
/opt/airflow/dags/recommendation_pipeline_dag.py                           1           0  0.25s           2026-05-05T11:38:44
================================================================================
[2026-05-05T11:39:30.227+0000] {manager.py:879} INFO - 
================================================================================
DAG File Processing Stats

File Path                                         PID    Runtime      # DAGs    # Errors  Last Runtime    Last Run
------------------------------------------------  -----  ---------  --------  ----------  --------------  -------------------
/opt/airflow/dags/recommendation_pipeline_dag.py                           1           0  0.66s           2026-05-05T11:39:15
================================================================================
[2026-05-05T11:39:58.220+0000] {manager.py:879} INFO - 
================================================================================
DAG File Processing Stats

File Path                                         PID    Runtime      # DAGs    # Errors  Last Runtime    Last Run
------------------------------------------------  -----  ---------  --------  ----------  --------------  -------------------
/opt/airflow/dags/recommendation_pipeline_dag.py                           1           0  0.71s           2026-05-05T11:39:46
================================================================================
[2026-05-05T11:40:25.835+0000] {manager.py:879} INFO - 
================================================================================
DAG File Processing Stats

File Path                                         PID    Runtime      # DAGs    # Errors  Last Runtime    Last Run
------------------------------------------------  -----  ---------  --------  ----------  --------------  -------------------
/opt/airflow/dags/recommendation_pipeline_dag.py                           1           0  0.72s           2026-05-05T11:40:18
================================================================================
[2026-05-05T11:40:37.002+0000] {manager.py:738} INFO - Searching for files in /opt/airflow/dags
[2026-05-05T11:40:37.118+0000] {manager.py:741} INFO - There are 1 files in /opt/airflow/dags
[2026-05-05T11:40:53.128+0000] {manager.py:879} INFO - 
================================================================================
DAG File Processing Stats

File Path                                         PID    Runtime      # DAGs    # Errors  Last Runtime    Last Run
------------------------------------------------  -----  ---------  --------  ----------  --------------  -------------------
/opt/airflow/dags/recommendation_pipeline_dag.py                           1           0  0.27s           2026-05-05T11:40:49
================================================================================
[2026-05-05T11:41:20.881+0000] {manager.py:879} INFO - 
================================================================================
DAG File Processing Stats

File Path                                         PID    Runtime      # DAGs    # Errors  Last Runtime    Last Run
------------------------------------------------  -----  ---------  --------  ----------  --------------  -------------------
/opt/airflow/dags/recommendation_pipeline_dag.py                           1           0  0.50s           2026-05-05T11:41:20
================================================================================
[2026-05-05T11:41:48.720+0000] {manager.py:879} INFO - 
================================================================================
DAG File Processing Stats

File Path                                         PID    Runtime      # DAGs    # Errors  Last Runtime    Last Run
------------------------------------------------  -----  ---------  --------  ----------  --------------  -------------------
/opt/airflow/dags/recommendation_pipeline_dag.py                           1           0  0.50s           2026-05-05T11:41:20
================================================================================
[2026-05-05T11:42:16.173+0000] {manager.py:879} INFO - 
================================================================================
DAG File Processing Stats

File Path                                         PID    Runtime      # DAGs    # Errors  Last Runtime    Last Run
------------------------------------------------  -----  ---------  --------  ----------  --------------  -------------------
/opt/airflow/dags/recommendation_pipeline_dag.py                           1           0  0.50s           2026-05-05T11:41:51
================================================================================
[2026-05-05T11:42:44.145+0000] {manager.py:879} INFO - 
================================================================================
DAG File Processing Stats

File Path                                         PID    Runtime      # DAGs    # Errors  Last Runtime    Last Run
------------------------------------------------  -----  ---------  --------  ----------  --------------  -------------------
/opt/airflow/dags/recommendation_pipeline_dag.py                           1           0  0.58s           2026-05-05T11:42:22
================================================================================
[2026-05-05T11:43:11.650+0000] {manager.py:879} INFO - 
================================================================================
DAG File Processing Stats

File Path                                         PID    Runtime      # DAGs    # Errors  Last Runtime    Last Run
------------------------------------------------  -----  ---------  --------  ----------  --------------  -------------------
/opt/airflow/dags/recommendation_pipeline_dag.py                           1           0  0.35s           2026-05-05T11:42:53
================================================================================
[2026-05-05T11:43:39.870+0000] {manager.py:879} INFO - 
================================================================================
DAG File Processing Stats

File Path                                         PID    Runtime      # DAGs    # Errors  Last Runtime    Last Run
------------------------------------------------  -----  ---------  --------  ----------  --------------  -------------------
/opt/airflow/dags/recommendation_pipeline_dag.py                           1           0  0.40s           2026-05-05T11:43:24
================================================================================
[2026-05-05T11:44:07.836+0000] {manager.py:879} INFO - 
================================================================================
DAG File Processing Stats

File Path                                         PID    Runtime      # DAGs    # Errors  Last Runtime    Last Run
------------------------------------------------  -----  ---------  --------  ----------  --------------  -------------------
/opt/airflow/dags/recommendation_pipeline_dag.py                           1           0  0.20s           2026-05-05T11:43:55
================================================================================
[2026-05-05T11:44:26.141+0000] {manager.py:451} INFO - Exiting gracefully upon receiving signal 15
[2026-05-05T11:45:03.503+0000] {manager.py:469} INFO - Processing files using up to 2 processes at a time 
[2026-05-05T11:45:03.507+0000] {manager.py:470} INFO - Process each file at most once every 30 seconds
[2026-05-05T11:45:03.511+0000] {manager.py:471} INFO - Checking for new files in /opt/airflow/dags every 300 seconds
[2026-05-05T11:45:03.513+0000] {manager.py:738} INFO - Searching for files in /opt/airflow/dags
[2026-05-05T11:45:03.550+0000] {manager.py:741} INFO - There are 1 files in /opt/airflow/dags
[2026-05-05T11:45:03.874+0000] {manager.py:879} INFO - 
================================================================================
DAG File Processing Stats

File Path                                           PID  Runtime      # DAGs    # Errors  Last Runtime    Last Run
------------------------------------------------  -----  ---------  --------  ----------  --------------  ----------
/opt/airflow/dags/recommendation_pipeline_dag.py    171  0.13s             0           0
================================================================================
[2026-05-05T11:45:31.543+0000] {manager.py:879} INFO - 
================================================================================
DAG File Processing Stats

File Path                                         PID    Runtime      # DAGs    # Errors  Last Runtime    Last Run
------------------------------------------------  -----  ---------  --------  ----------  --------------  -------------------
/opt/airflow/dags/recommendation_pipeline_dag.py                           1           0  0.34s           2026-05-05T11:45:04
================================================================================
[2026-05-05T11:45:59.123+0000] {manager.py:879} INFO - 
================================================================================
DAG File Processing Stats

File Path                                         PID    Runtime      # DAGs    # Errors  Last Runtime    Last Run
------------------------------------------------  -----  ---------  --------  ----------  --------------  -------------------
/opt/airflow/dags/recommendation_pipeline_dag.py                           1           0  0.72s           2026-05-05T11:45:35
================================================================================
[2026-05-05T11:46:26.929+0000] {manager.py:879} INFO - 
================================================================================
DAG File Processing Stats

File Path                                         PID    Runtime      # DAGs    # Errors  Last Runtime    Last Run
------------------------------------------------  -----  ---------  --------  ----------  --------------  -------------------
/opt/airflow/dags/recommendation_pipeline_dag.py                           1           0  0.60s           2026-05-05T11:46:06
================================================================================
[2026-05-05T11:46:54.322+0000] {manager.py:879} INFO - 
================================================================================
DAG File Processing Stats

File Path                                         PID    Runtime      # DAGs    # Errors  Last Runtime    Last Run
------------------------------------------------  -----  ---------  --------  ----------  --------------  -------------------
/opt/airflow/dags/recommendation_pipeline_dag.py                           1           0  0.40s           2026-05-05T11:46:36
================================================================================
[2026-05-05T11:47:21.796+0000] {manager.py:879} INFO - 
================================================================================
DAG File Processing Stats

File Path                                         PID    Runtime      # DAGs    # Errors  Last Runtime    Last Run
------------------------------------------------  -----  ---------  --------  ----------  --------------  -------------------
/opt/airflow/dags/recommendation_pipeline_dag.py                           1           0  0.26s           2026-05-05T11:47:07
================================================================================
[2026-05-05T11:47:49.426+0000] {manager.py:879} INFO - 
================================================================================
DAG File Processing Stats

File Path                                         PID    Runtime      # DAGs    # Errors  Last Runtime    Last Run
------------------------------------------------  -----  ---------  --------  ----------  --------------  -------------------
/opt/airflow/dags/recommendation_pipeline_dag.py                           1           0  0.20s           2026-05-05T11:47:38
================================================================================
[2026-05-05T11:48:17.241+0000] {manager.py:879} INFO - 
================================================================================
DAG File Processing Stats

File Path                                         PID    Runtime      # DAGs    # Errors  Last Runtime    Last Run
------------------------------------------------  -----  ---------  --------  ----------  --------------  -------------------
/opt/airflow/dags/recommendation_pipeline_dag.py                           1           0  0.23s           2026-05-05T11:48:09
================================================================================
[2026-05-05T11:48:44.746+0000] {manager.py:879} INFO - 
================================================================================
DAG File Processing Stats

File Path                                         PID    Runtime      # DAGs    # Errors  Last Runtime    Last Run
------------------------------------------------  -----  ---------  --------  ----------  --------------  -------------------
/opt/airflow/dags/recommendation_pipeline_dag.py                           1           0  0.53s           2026-05-05T11:48:40
================================================================================
[2026-05-05T11:49:12.588+0000] {manager.py:879} INFO - 
================================================================================
DAG File Processing Stats

File Path                                         PID    Runtime      # DAGs    # Errors  Last Runtime    Last Run
------------------------------------------------  -----  ---------  --------  ----------  --------------  -------------------
/opt/airflow/dags/recommendation_pipeline_dag.py                           1           0  0.69s           2026-05-05T11:49:11
================================================================================
[2026-05-05T11:49:40.443+0000] {manager.py:879} INFO - 
================================================================================
DAG File Processing Stats

File Path                                         PID    Runtime      # DAGs    # Errors  Last Runtime    Last Run
------------------------------------------------  -----  ---------  --------  ----------  --------------  -------------------
/opt/airflow/dags/recommendation_pipeline_dag.py                           1           0  0.69s           2026-05-05T11:49:11
================================================================================
[2026-05-05T11:50:03.750+0000] {manager.py:738} INFO - Searching for files in /opt/airflow/dags
[2026-05-05T11:50:03.837+0000] {manager.py:741} INFO - There are 1 files in /opt/airflow/dags
[2026-05-05T11:50:07.944+0000] {manager.py:879} INFO - 
================================================================================
DAG File Processing Stats

File Path                                         PID    Runtime      # DAGs    # Errors  Last Runtime    Last Run
------------------------------------------------  -----  ---------  --------  ----------  --------------  -------------------
/opt/airflow/dags/recommendation_pipeline_dag.py                           1           0  0.52s           2026-05-05T11:49:43
================================================================================
[2026-05-05T11:50:35.683+0000] {manager.py:879} INFO - 
================================================================================
DAG File Processing Stats

File Path                                         PID    Runtime      # DAGs    # Errors  Last Runtime    Last Run
------------------------------------------------  -----  ---------  --------  ----------  --------------  -------------------
/opt/airflow/dags/recommendation_pipeline_dag.py                           1           0  0.50s           2026-05-05T11:50:14
================================================================================
[2026-05-05T11:51:02.972+0000] {manager.py:879} INFO - 
================================================================================
DAG File Processing Stats

File Path                                         PID    Runtime      # DAGs    # Errors  Last Runtime    Last Run
------------------------------------------------  -----  ---------  --------  ----------  --------------  -------------------
/opt/airflow/dags/recommendation_pipeline_dag.py                           1           0  0.41s           2026-05-05T11:50:45
================================================================================
[2026-05-05T11:51:30.417+0000] {manager.py:879} INFO - 
================================================================================
DAG File Processing Stats

File Path                                         PID    Runtime      # DAGs    # Errors  Last Runtime    Last Run
------------------------------------------------  -----  ---------  --------  ----------  --------------  -------------------
/opt/airflow/dags/recommendation_pipeline_dag.py                           1           0  0.59s           2026-05-05T11:51:16
================================================================================
[2026-05-05T11:51:58.349+0000] {manager.py:879} INFO - 
================================================================================
DAG File Processing Stats

File Path                                         PID    Runtime      # DAGs    # Errors  Last Runtime    Last Run
------------------------------------------------  -----  ---------  --------  ----------  --------------  -------------------
/opt/airflow/dags/recommendation_pipeline_dag.py                           1           0  0.68s           2026-05-05T11:51:47
================================================================================
[2026-05-05T11:52:25.722+0000] {manager.py:879} INFO - 
================================================================================
DAG File Processing Stats

File Path                                         PID    Runtime      # DAGs    # Errors  Last Runtime    Last Run
------------------------------------------------  -----  ---------  --------  ----------  --------------  -------------------
/opt/airflow/dags/recommendation_pipeline_dag.py                           1           0  0.51s           2026-05-05T11:52:18
================================================================================
[2026-05-05T11:52:53.488+0000] {manager.py:879} INFO - 
================================================================================
DAG File Processing Stats

File Path                                         PID    Runtime      # DAGs    # Errors  Last Runtime    Last Run
------------------------------------------------  -----  ---------  --------  ----------  --------------  -------------------
/opt/airflow/dags/recommendation_pipeline_dag.py                           1           0  0.55s           2026-05-05T11:52:49
================================================================================
[2026-05-05T11:53:21.486+0000] {manager.py:879} INFO - 
================================================================================
DAG File Processing Stats

File Path                                         PID    Runtime      # DAGs    # Errors  Last Runtime    Last Run
------------------------------------------------  -----  ---------  --------  ----------  --------------  -------------------
/opt/airflow/dags/recommendation_pipeline_dag.py                           1           0  0.18s           2026-05-05T11:53:20
================================================================================
[2026-05-05T11:53:49.317+0000] {manager.py:879} INFO - 
================================================================================
DAG File Processing Stats

File Path                                         PID    Runtime      # DAGs    # Errors  Last Runtime    Last Run
------------------------------------------------  -----  ---------  --------  ----------  --------------  -------------------
/opt/airflow/dags/recommendation_pipeline_dag.py                           1           0  0.18s           2026-05-05T11:53:20
================================================================================
[2026-05-05T11:54:17.194+0000] {manager.py:879} INFO - 
================================================================================
DAG File Processing Stats

File Path                                         PID    Runtime      # DAGs    # Errors  Last Runtime    Last Run
------------------------------------------------  -----  ---------  --------  ----------  --------------  -------------------
/opt/airflow/dags/recommendation_pipeline_dag.py                           1           0  0.42s           2026-05-05T11:53:51
================================================================================
[2026-05-05T11:54:45.104+0000] {manager.py:879} INFO - 
================================================================================
DAG File Processing Stats

File Path                                         PID    Runtime      # DAGs    # Errors  Last Runtime    Last Run
------------------------------------------------  -----  ---------  --------  ----------  --------------  -------------------
/opt/airflow/dags/recommendation_pipeline_dag.py                           1           0  0.37s           2026-05-05T11:54:22
================================================================================
[2026-05-05T11:55:04.073+0000] {manager.py:738} INFO - Searching for files in /opt/airflow/dags
[2026-05-05T11:55:04.132+0000] {manager.py:741} INFO - There are 1 files in /opt/airflow/dags
[2026-05-05T11:55:12.494+0000] {manager.py:879} INFO - 
================================================================================
DAG File Processing Stats

File Path                                         PID    Runtime      # DAGs    # Errors  Last Runtime    Last Run
------------------------------------------------  -----  ---------  --------  ----------  --------------  -------------------
/opt/airflow/dags/recommendation_pipeline_dag.py                           1           0  0.51s           2026-05-05T11:54:53
================================================================================
[2026-05-05T11:55:39.913+0000] {manager.py:879} INFO - 
================================================================================
DAG File Processing Stats

File Path                                         PID    Runtime      # DAGs    # Errors  Last Runtime    Last Run
------------------------------------------------  -----  ---------  --------  ----------  --------------  -------------------
/opt/airflow/dags/recommendation_pipeline_dag.py                           1           0  0.64s           2026-05-05T11:55:24
================================================================================
[2026-05-05T11:56:07.846+0000] {manager.py:879} INFO - 
================================================================================
DAG File Processing Stats

File Path                                         PID    Runtime      # DAGs    # Errors  Last Runtime    Last Run
------------------------------------------------  -----  ---------  --------  ----------  --------------  -------------------
/opt/airflow/dags/recommendation_pipeline_dag.py                           1           0  0.65s           2026-05-05T11:55:55
================================================================================
[2026-05-05T11:56:35.820+0000] {manager.py:879} INFO - 
================================================================================
DAG File Processing Stats

File Path                                         PID    Runtime      # DAGs    # Errors  Last Runtime    Last Run
------------------------------------------------  -----  ---------  --------  ----------  --------------  -------------------
/opt/airflow/dags/recommendation_pipeline_dag.py                           1           0  0.79s           2026-05-05T11:56:26
================================================================================
[2026-05-05T11:57:03.176+0000] {manager.py:879} INFO - 
================================================================================
DAG File Processing Stats

File Path                                         PID    Runtime      # DAGs    # Errors  Last Runtime    Last Run
------------------------------------------------  -----  ---------  --------  ----------  --------------  -------------------
/opt/airflow/dags/recommendation_pipeline_dag.py                           1           0  0.42s           2026-05-05T11:56:58
================================================================================
[2026-05-05T11:57:30.984+0000] {manager.py:879} INFO - 
================================================================================
DAG File Processing Stats

File Path                                         PID    Runtime      # DAGs    # Errors  Last Runtime    Last Run
------------------------------------------------  -----  ---------  --------  ----------  --------------  -------------------
/opt/airflow/dags/recommendation_pipeline_dag.py                           1           0  0.46s           2026-05-05T11:57:29
================================================================================
[2026-05-05T11:57:58.866+0000] {manager.py:879} INFO - 
================================================================================
DAG File Processing Stats

File Path                                         PID    Runtime      # DAGs    # Errors  Last Runtime    Last Run
------------------------------------------------  -----  ---------  --------  ----------  --------------  -------------------
/opt/airflow/dags/recommendation_pipeline_dag.py                           1           0  0.46s           2026-05-05T11:57:29
================================================================================
[2026-05-05T11:58:26.873+0000] {manager.py:879} INFO - 
================================================================================
DAG File Processing Stats

File Path                                         PID    Runtime      # DAGs    # Errors  Last Runtime    Last Run
------------------------------------------------  -----  ---------  --------  ----------  --------------  -------------------
/opt/airflow/dags/recommendation_pipeline_dag.py                           1           0  0.41s           2026-05-05T11:58:00
================================================================================
[2026-05-05T11:58:54.286+0000] {manager.py:879} INFO - 
================================================================================
DAG File Processing Stats

File Path                                         PID    Runtime      # DAGs    # Errors  Last Runtime    Last Run
------------------------------------------------  -----  ---------  --------  ----------  --------------  -------------------
/opt/airflow/dags/recommendation_pipeline_dag.py                           1           0  0.56s           2026-05-05T11:58:31
================================================================================
[2026-05-05T11:59:21.670+0000] {manager.py:879} INFO - 
================================================================================
DAG File Processing Stats

File Path                                         PID    Runtime      # DAGs    # Errors  Last Runtime    Last Run
------------------------------------------------  -----  ---------  --------  ----------  --------------  -------------------
/opt/airflow/dags/recommendation_pipeline_dag.py                           1           0  0.46s           2026-05-05T11:59:02
================================================================================
[2026-05-05T11:59:49.477+0000] {manager.py:879} INFO - 
================================================================================
DAG File Processing Stats

File Path                                         PID    Runtime      # DAGs    # Errors  Last Runtime    Last Run
------------------------------------------------  -----  ---------  --------  ----------  --------------  -------------------
/opt/airflow/dags/recommendation_pipeline_dag.py                           1           0  0.67s           2026-05-05T11:59:33
================================================================================
[2026-05-05T12:00:04.093+0000] {manager.py:738} INFO - Searching for files in /opt/airflow/dags
[2026-05-05T12:00:04.184+0000] {manager.py:741} INFO - There are 1 files in /opt/airflow/dags
[2026-05-05T12:00:16.808+0000] {manager.py:879} INFO - 
================================================================================
DAG File Processing Stats

File Path                                         PID    Runtime      # DAGs    # Errors  Last Runtime    Last Run
------------------------------------------------  -----  ---------  --------  ----------  --------------  -------------------
/opt/airflow/dags/recommendation_pipeline_dag.py                           1           0  0.33s           2026-05-05T12:00:04
================================================================================
[2026-05-05T12:00:44.162+0000] {manager.py:879} INFO - 
================================================================================
DAG File Processing Stats

File Path                                         PID    Runtime      # DAGs    # Errors  Last Runtime    Last Run
------------------------------------------------  -----  ---------  --------  ----------  --------------  -------------------
/opt/airflow/dags/recommendation_pipeline_dag.py                           1           0  0.17s           2026-05-05T12:00:35
================================================================================
[2026-05-05T12:01:11.947+0000] {manager.py:879} INFO - 
================================================================================
DAG File Processing Stats

File Path                                         PID    Runtime      # DAGs    # Errors  Last Runtime    Last Run
------------------------------------------------  -----  ---------  --------  ----------  --------------  -------------------
/opt/airflow/dags/recommendation_pipeline_dag.py                           1           0  0.15s           2026-05-05T12:01:05
================================================================================
[2026-05-05T12:01:39.574+0000] {manager.py:879} INFO - 
================================================================================
DAG File Processing Stats

File Path                                         PID    Runtime      # DAGs    # Errors  Last Runtime    Last Run
------------------------------------------------  -----  ---------  --------  ----------  --------------  -------------------
/opt/airflow/dags/recommendation_pipeline_dag.py                           1           0  0.17s           2026-05-05T12:01:36
================================================================================
[2026-05-05T12:02:07.411+0000] {manager.py:879} INFO - 
================================================================================
DAG File Processing Stats

File Path                                           PID  Runtime      # DAGs    # Errors  Last Runtime    Last Run
------------------------------------------------  -----  ---------  --------  ----------  --------------  -------------------
/opt/airflow/dags/recommendation_pipeline_dag.py    452  0.00s             1           0  0.17s           2026-05-05T12:01:36
================================================================================
[2026-05-05T12:02:35.025+0000] {manager.py:879} INFO - 
================================================================================
DAG File Processing Stats

File Path                                         PID    Runtime      # DAGs    # Errors  Last Runtime    Last Run
------------------------------------------------  -----  ---------  --------  ----------  --------------  -------------------
/opt/airflow/dags/recommendation_pipeline_dag.py                           1           0  0.15s           2026-05-05T12:02:07
================================================================================
[2026-05-05T12:03:02.652+0000] {manager.py:879} INFO - 
================================================================================
DAG File Processing Stats

File Path                                         PID    Runtime      # DAGs    # Errors  Last Runtime    Last Run
------------------------------------------------  -----  ---------  --------  ----------  --------------  -------------------
/opt/airflow/dags/recommendation_pipeline_dag.py                           1           0  0.18s           2026-05-05T12:02:38
================================================================================
[2026-05-05T12:03:30.413+0000] {manager.py:879} INFO - 
================================================================================
DAG File Processing Stats

File Path                                         PID    Runtime      # DAGs    # Errors  Last Runtime    Last Run
------------------------------------------------  -----  ---------  --------  ----------  --------------  -------------------
/opt/airflow/dags/recommendation_pipeline_dag.py                           1           0  0.20s           2026-05-05T12:03:09
================================================================================
[2026-05-05T12:03:58.170+0000] {manager.py:879} INFO - 
================================================================================
DAG File Processing Stats

File Path                                         PID    Runtime      # DAGs    # Errors  Last Runtime    Last Run
------------------------------------------------  -----  ---------  --------  ----------  --------------  -------------------
/opt/airflow/dags/recommendation_pipeline_dag.py                           1           0  0.20s           2026-05-05T12:03:40
================================================================================
[2026-05-05T12:04:25.906+0000] {manager.py:879} INFO - 
================================================================================
DAG File Processing Stats

File Path                                         PID    Runtime      # DAGs    # Errors  Last Runtime    Last Run
------------------------------------------------  -----  ---------  --------  ----------  --------------  -------------------
/opt/airflow/dags/recommendation_pipeline_dag.py                           1           0  0.18s           2026-05-05T12:04:10
================================================================================
[2026-05-05T12:04:53.568+0000] {manager.py:879} INFO - 
================================================================================
DAG File Processing Stats

File Path                                         PID    Runtime      # DAGs    # Errors  Last Runtime    Last Run
------------------------------------------------  -----  ---------  --------  ----------  --------------  -------------------
/opt/airflow/dags/recommendation_pipeline_dag.py                           1           0  0.20s           2026-05-05T12:04:41
================================================================================
[2026-05-05T12:05:04.200+0000] {manager.py:738} INFO - Searching for files in /opt/airflow/dags
[2026-05-05T12:05:04.295+0000] {manager.py:741} INFO - There are 1 files in /opt/airflow/dags
[2026-05-05T12:05:20.855+0000] {manager.py:451} INFO - Exiting gracefully upon receiving signal 15
