[2026-05-05T10:29:39.556+0000] {processor.py:161} INFO - Started process (PID=171) to work on /opt/airflow/dags/recommendation_pipeline_dag.py
[2026-05-05T10:29:39.557+0000] {processor.py:830} INFO - Processing file /opt/airflow/dags/recommendation_pipeline_dag.py for tasks to queue
[2026-05-05T10:29:39.558+0000] {logging_mixin.py:188} INFO - [2026-05-05T10:29:39.558+0000] {dagbag.py:538} INFO - Filling up the DagBag from /opt/airflow/dags/recommendation_pipeline_dag.py
[2026-05-05T10:29:39.606+0000] {processor.py:840} INFO - DAG(s) 'recommendation_pipeline' retrieved from /opt/airflow/dags/recommendation_pipeline_dag.py
[2026-05-05T10:29:39.875+0000] {logging_mixin.py:188} INFO - [2026-05-05T10:29:39.874+0000] {override.py:1769} INFO - Created Permission View: can edit on DAG:recommendation_pipeline
[2026-05-05T10:29:39.888+0000] {logging_mixin.py:188} INFO - [2026-05-05T10:29:39.888+0000] {override.py:1769} INFO - Created Permission View: can read on DAG:recommendation_pipeline
[2026-05-05T10:29:39.898+0000] {logging_mixin.py:188} INFO - [2026-05-05T10:29:39.898+0000] {override.py:1769} INFO - Created Permission View: can delete on DAG:recommendation_pipeline
[2026-05-05T10:29:39.899+0000] {logging_mixin.py:188} INFO - [2026-05-05T10:29:39.899+0000] {dag.py:3036} INFO - Sync 1 DAGs
[2026-05-05T10:29:39.913+0000] {logging_mixin.py:188} INFO - [2026-05-05T10:29:39.913+0000] {dag.py:3058} INFO - Creating ORM DAG for recommendation_pipeline
[2026-05-05T10:29:39.914+0000] {logging_mixin.py:188} INFO - [2026-05-05T10:29:39.914+0000] {dag.py:3823} INFO - Setting next_dagrun for recommendation_pipeline to None, run_after=None
[2026-05-05T10:29:39.948+0000] {processor.py:183} INFO - Processing /opt/airflow/dags/recommendation_pipeline_dag.py took 0.397 seconds
[2026-05-05T10:30:10.185+0000] {processor.py:161} INFO - Started process (PID=176) to work on /opt/airflow/dags/recommendation_pipeline_dag.py
[2026-05-05T10:30:10.187+0000] {processor.py:830} INFO - Processing file /opt/airflow/dags/recommendation_pipeline_dag.py for tasks to queue
[2026-05-05T10:30:10.188+0000] {logging_mixin.py:188} INFO - [2026-05-05T10:30:10.188+0000] {dagbag.py:538} INFO - Filling up the DagBag from /opt/airflow/dags/recommendation_pipeline_dag.py
[2026-05-05T10:30:10.217+0000] {processor.py:840} INFO - DAG(s) 'recommendation_pipeline' retrieved from /opt/airflow/dags/recommendation_pipeline_dag.py
[2026-05-05T10:30:10.254+0000] {logging_mixin.py:188} INFO - [2026-05-05T10:30:10.254+0000] {dag.py:3036} INFO - Sync 1 DAGs
[2026-05-05T10:30:10.269+0000] {logging_mixin.py:188} INFO - [2026-05-05T10:30:10.269+0000] {dag.py:3823} INFO - Setting next_dagrun for recommendation_pipeline to None, run_after=None
[2026-05-05T10:30:10.294+0000] {processor.py:183} INFO - Processing /opt/airflow/dags/recommendation_pipeline_dag.py took 0.113 seconds
[2026-05-05T10:30:40.844+0000] {processor.py:161} INFO - Started process (PID=181) to work on /opt/airflow/dags/recommendation_pipeline_dag.py
[2026-05-05T10:30:40.846+0000] {processor.py:830} INFO - Processing file /opt/airflow/dags/recommendation_pipeline_dag.py for tasks to queue
[2026-05-05T10:30:40.848+0000] {logging_mixin.py:188} INFO - [2026-05-05T10:30:40.848+0000] {dagbag.py:538} INFO - Filling up the DagBag from /opt/airflow/dags/recommendation_pipeline_dag.py
[2026-05-05T10:30:40.883+0000] {processor.py:840} INFO - DAG(s) 'recommendation_pipeline' retrieved from /opt/airflow/dags/recommendation_pipeline_dag.py
[2026-05-05T10:30:40.920+0000] {logging_mixin.py:188} INFO - [2026-05-05T10:30:40.920+0000] {dag.py:3036} INFO - Sync 1 DAGs
[2026-05-05T10:30:40.937+0000] {logging_mixin.py:188} INFO - [2026-05-05T10:30:40.937+0000] {dag.py:3823} INFO - Setting next_dagrun for recommendation_pipeline to None, run_after=None
[2026-05-05T10:30:40.967+0000] {processor.py:183} INFO - Processing /opt/airflow/dags/recommendation_pipeline_dag.py took 0.128 seconds
[2026-05-05T10:31:11.550+0000] {processor.py:161} INFO - Started process (PID=188) to work on /opt/airflow/dags/recommendation_pipeline_dag.py
[2026-05-05T10:31:11.551+0000] {processor.py:830} INFO - Processing file /opt/airflow/dags/recommendation_pipeline_dag.py for tasks to queue
[2026-05-05T10:31:11.552+0000] {logging_mixin.py:188} INFO - [2026-05-05T10:31:11.552+0000] {dagbag.py:538} INFO - Filling up the DagBag from /opt/airflow/dags/recommendation_pipeline_dag.py
[2026-05-05T10:31:11.589+0000] {processor.py:840} INFO - DAG(s) 'recommendation_pipeline' retrieved from /opt/airflow/dags/recommendation_pipeline_dag.py
[2026-05-05T10:31:11.620+0000] {logging_mixin.py:188} INFO - [2026-05-05T10:31:11.620+0000] {dag.py:3036} INFO - Sync 1 DAGs
[2026-05-05T10:31:11.636+0000] {logging_mixin.py:188} INFO - [2026-05-05T10:31:11.635+0000] {dag.py:3823} INFO - Setting next_dagrun for recommendation_pipeline to None, run_after=None
[2026-05-05T10:31:11.668+0000] {processor.py:183} INFO - Processing /opt/airflow/dags/recommendation_pipeline_dag.py took 0.123 seconds
[2026-05-05T10:31:42.582+0000] {processor.py:161} INFO - Started process (PID=193) to work on /opt/airflow/dags/recommendation_pipeline_dag.py
[2026-05-05T10:31:42.583+0000] {processor.py:830} INFO - Processing file /opt/airflow/dags/recommendation_pipeline_dag.py for tasks to queue
[2026-05-05T10:31:42.585+0000] {logging_mixin.py:188} INFO - [2026-05-05T10:31:42.584+0000] {dagbag.py:538} INFO - Filling up the DagBag from /opt/airflow/dags/recommendation_pipeline_dag.py
[2026-05-05T10:31:42.614+0000] {processor.py:840} INFO - DAG(s) 'recommendation_pipeline' retrieved from /opt/airflow/dags/recommendation_pipeline_dag.py
[2026-05-05T10:31:42.647+0000] {logging_mixin.py:188} INFO - [2026-05-05T10:31:42.647+0000] {dag.py:3036} INFO - Sync 1 DAGs
[2026-05-05T10:31:42.673+0000] {logging_mixin.py:188} INFO - [2026-05-05T10:31:42.672+0000] {dag.py:3823} INFO - Setting next_dagrun for recommendation_pipeline to None, run_after=None
[2026-05-05T10:31:42.698+0000] {processor.py:183} INFO - Processing /opt/airflow/dags/recommendation_pipeline_dag.py took 0.119 seconds
[2026-05-05T10:32:13.424+0000] {processor.py:161} INFO - Started process (PID=198) to work on /opt/airflow/dags/recommendation_pipeline_dag.py
[2026-05-05T10:32:13.426+0000] {processor.py:830} INFO - Processing file /opt/airflow/dags/recommendation_pipeline_dag.py for tasks to queue
[2026-05-05T10:32:13.427+0000] {logging_mixin.py:188} INFO - [2026-05-05T10:32:13.427+0000] {dagbag.py:538} INFO - Filling up the DagBag from /opt/airflow/dags/recommendation_pipeline_dag.py
[2026-05-05T10:32:13.457+0000] {processor.py:840} INFO - DAG(s) 'recommendation_pipeline' retrieved from /opt/airflow/dags/recommendation_pipeline_dag.py
[2026-05-05T10:32:13.492+0000] {logging_mixin.py:188} INFO - [2026-05-05T10:32:13.492+0000] {dag.py:3036} INFO - Sync 1 DAGs
[2026-05-05T10:32:13.510+0000] {logging_mixin.py:188} INFO - [2026-05-05T10:32:13.509+0000] {dag.py:3823} INFO - Setting next_dagrun for recommendation_pipeline to None, run_after=None
[2026-05-05T10:32:13.548+0000] {processor.py:183} INFO - Processing /opt/airflow/dags/recommendation_pipeline_dag.py took 0.128 seconds
[2026-05-05T10:32:44.442+0000] {processor.py:161} INFO - Started process (PID=203) to work on /opt/airflow/dags/recommendation_pipeline_dag.py
[2026-05-05T10:32:44.444+0000] {processor.py:830} INFO - Processing file /opt/airflow/dags/recommendation_pipeline_dag.py for tasks to queue
[2026-05-05T10:32:44.445+0000] {logging_mixin.py:188} INFO - [2026-05-05T10:32:44.445+0000] {dagbag.py:538} INFO - Filling up the DagBag from /opt/airflow/dags/recommendation_pipeline_dag.py
[2026-05-05T10:32:44.474+0000] {processor.py:840} INFO - DAG(s) 'recommendation_pipeline' retrieved from /opt/airflow/dags/recommendation_pipeline_dag.py
[2026-05-05T10:32:44.507+0000] {logging_mixin.py:188} INFO - [2026-05-05T10:32:44.507+0000] {dag.py:3036} INFO - Sync 1 DAGs
[2026-05-05T10:32:44.522+0000] {logging_mixin.py:188} INFO - [2026-05-05T10:32:44.522+0000] {dag.py:3823} INFO - Setting next_dagrun for recommendation_pipeline to None, run_after=None
[2026-05-05T10:32:44.547+0000] {processor.py:183} INFO - Processing /opt/airflow/dags/recommendation_pipeline_dag.py took 0.108 seconds
[2026-05-05T10:33:15.159+0000] {processor.py:161} INFO - Started process (PID=210) to work on /opt/airflow/dags/recommendation_pipeline_dag.py
[2026-05-05T10:33:15.161+0000] {processor.py:830} INFO - Processing file /opt/airflow/dags/recommendation_pipeline_dag.py for tasks to queue
[2026-05-05T10:33:15.162+0000] {logging_mixin.py:188} INFO - [2026-05-05T10:33:15.162+0000] {dagbag.py:538} INFO - Filling up the DagBag from /opt/airflow/dags/recommendation_pipeline_dag.py
[2026-05-05T10:33:15.186+0000] {processor.py:840} INFO - DAG(s) 'recommendation_pipeline' retrieved from /opt/airflow/dags/recommendation_pipeline_dag.py
[2026-05-05T10:33:15.218+0000] {logging_mixin.py:188} INFO - [2026-05-05T10:33:15.217+0000] {dag.py:3036} INFO - Sync 1 DAGs
[2026-05-05T10:33:15.234+0000] {logging_mixin.py:188} INFO - [2026-05-05T10:33:15.234+0000] {dag.py:3823} INFO - Setting next_dagrun for recommendation_pipeline to None, run_after=None
[2026-05-05T10:33:15.259+0000] {processor.py:183} INFO - Processing /opt/airflow/dags/recommendation_pipeline_dag.py took 0.104 seconds
[2026-05-05T10:33:45.954+0000] {processor.py:161} INFO - Started process (PID=215) to work on /opt/airflow/dags/recommendation_pipeline_dag.py
[2026-05-05T10:33:45.956+0000] {processor.py:830} INFO - Processing file /opt/airflow/dags/recommendation_pipeline_dag.py for tasks to queue
[2026-05-05T10:33:45.958+0000] {logging_mixin.py:188} INFO - [2026-05-05T10:33:45.958+0000] {dagbag.py:538} INFO - Filling up the DagBag from /opt/airflow/dags/recommendation_pipeline_dag.py
[2026-05-05T10:33:45.989+0000] {processor.py:840} INFO - DAG(s) 'recommendation_pipeline' retrieved from /opt/airflow/dags/recommendation_pipeline_dag.py
[2026-05-05T10:33:46.024+0000] {logging_mixin.py:188} INFO - [2026-05-05T10:33:46.024+0000] {dag.py:3036} INFO - Sync 1 DAGs
[2026-05-05T10:33:46.040+0000] {logging_mixin.py:188} INFO - [2026-05-05T10:33:46.040+0000] {dag.py:3823} INFO - Setting next_dagrun for recommendation_pipeline to None, run_after=None
[2026-05-05T10:33:46.069+0000] {processor.py:183} INFO - Processing /opt/airflow/dags/recommendation_pipeline_dag.py took 0.119 seconds
[2026-05-05T10:34:16.662+0000] {processor.py:161} INFO - Started process (PID=220) to work on /opt/airflow/dags/recommendation_pipeline_dag.py
[2026-05-05T10:34:16.663+0000] {processor.py:830} INFO - Processing file /opt/airflow/dags/recommendation_pipeline_dag.py for tasks to queue
[2026-05-05T10:34:16.664+0000] {logging_mixin.py:188} INFO - [2026-05-05T10:34:16.663+0000] {dagbag.py:538} INFO - Filling up the DagBag from /opt/airflow/dags/recommendation_pipeline_dag.py
[2026-05-05T10:34:16.689+0000] {processor.py:840} INFO - DAG(s) 'recommendation_pipeline' retrieved from /opt/airflow/dags/recommendation_pipeline_dag.py
[2026-05-05T10:34:16.720+0000] {logging_mixin.py:188} INFO - [2026-05-05T10:34:16.719+0000] {dag.py:3036} INFO - Sync 1 DAGs
[2026-05-05T10:34:16.734+0000] {logging_mixin.py:188} INFO - [2026-05-05T10:34:16.734+0000] {dag.py:3823} INFO - Setting next_dagrun for recommendation_pipeline to None, run_after=None
[2026-05-05T10:34:16.758+0000] {processor.py:183} INFO - Processing /opt/airflow/dags/recommendation_pipeline_dag.py took 0.100 seconds
[2026-05-05T10:34:47.570+0000] {processor.py:161} INFO - Started process (PID=225) to work on /opt/airflow/dags/recommendation_pipeline_dag.py
[2026-05-05T10:34:47.572+0000] {processor.py:830} INFO - Processing file /opt/airflow/dags/recommendation_pipeline_dag.py for tasks to queue
[2026-05-05T10:34:47.574+0000] {logging_mixin.py:188} INFO - [2026-05-05T10:34:47.574+0000] {dagbag.py:538} INFO - Filling up the DagBag from /opt/airflow/dags/recommendation_pipeline_dag.py
[2026-05-05T10:34:47.616+0000] {processor.py:840} INFO - DAG(s) 'recommendation_pipeline' retrieved from /opt/airflow/dags/recommendation_pipeline_dag.py
[2026-05-05T10:34:47.663+0000] {logging_mixin.py:188} INFO - [2026-05-05T10:34:47.662+0000] {dag.py:3036} INFO - Sync 1 DAGs
[2026-05-05T10:34:47.681+0000] {logging_mixin.py:188} INFO - [2026-05-05T10:34:47.681+0000] {dag.py:3823} INFO - Setting next_dagrun for recommendation_pipeline to None, run_after=None
[2026-05-05T10:34:47.746+0000] {processor.py:183} INFO - Processing /opt/airflow/dags/recommendation_pipeline_dag.py took 0.181 seconds
[2026-05-05T10:35:18.206+0000] {processor.py:161} INFO - Started process (PID=230) to work on /opt/airflow/dags/recommendation_pipeline_dag.py
[2026-05-05T10:35:18.207+0000] {processor.py:830} INFO - Processing file /opt/airflow/dags/recommendation_pipeline_dag.py for tasks to queue
[2026-05-05T10:35:18.208+0000] {logging_mixin.py:188} INFO - [2026-05-05T10:35:18.208+0000] {dagbag.py:538} INFO - Filling up the DagBag from /opt/airflow/dags/recommendation_pipeline_dag.py
[2026-05-05T10:35:18.237+0000] {processor.py:840} INFO - DAG(s) 'recommendation_pipeline' retrieved from /opt/airflow/dags/recommendation_pipeline_dag.py
[2026-05-05T10:35:18.268+0000] {logging_mixin.py:188} INFO - [2026-05-05T10:35:18.268+0000] {dag.py:3036} INFO - Sync 1 DAGs
[2026-05-05T10:35:18.283+0000] {logging_mixin.py:188} INFO - [2026-05-05T10:35:18.283+0000] {dag.py:3823} INFO - Setting next_dagrun for recommendation_pipeline to None, run_after=None
[2026-05-05T10:35:18.316+0000] {processor.py:183} INFO - Processing /opt/airflow/dags/recommendation_pipeline_dag.py took 0.115 seconds
[2026-05-05T10:35:48.429+0000] {processor.py:161} INFO - Started process (PID=235) to work on /opt/airflow/dags/recommendation_pipeline_dag.py
[2026-05-05T10:35:48.430+0000] {processor.py:830} INFO - Processing file /opt/airflow/dags/recommendation_pipeline_dag.py for tasks to queue
[2026-05-05T10:35:48.432+0000] {logging_mixin.py:188} INFO - [2026-05-05T10:35:48.431+0000] {dagbag.py:538} INFO - Filling up the DagBag from /opt/airflow/dags/recommendation_pipeline_dag.py
[2026-05-05T10:35:48.459+0000] {processor.py:840} INFO - DAG(s) 'recommendation_pipeline' retrieved from /opt/airflow/dags/recommendation_pipeline_dag.py
[2026-05-05T10:35:48.492+0000] {logging_mixin.py:188} INFO - [2026-05-05T10:35:48.491+0000] {dag.py:3036} INFO - Sync 1 DAGs
[2026-05-05T10:35:48.508+0000] {logging_mixin.py:188} INFO - [2026-05-05T10:35:48.508+0000] {dag.py:3823} INFO - Setting next_dagrun for recommendation_pipeline to None, run_after=None
[2026-05-05T10:35:48.543+0000] {processor.py:183} INFO - Processing /opt/airflow/dags/recommendation_pipeline_dag.py took 0.117 seconds
[2026-05-05T10:36:19.166+0000] {processor.py:161} INFO - Started process (PID=240) to work on /opt/airflow/dags/recommendation_pipeline_dag.py
[2026-05-05T10:36:19.168+0000] {processor.py:830} INFO - Processing file /opt/airflow/dags/recommendation_pipeline_dag.py for tasks to queue
[2026-05-05T10:36:19.169+0000] {logging_mixin.py:188} INFO - [2026-05-05T10:36:19.169+0000] {dagbag.py:538} INFO - Filling up the DagBag from /opt/airflow/dags/recommendation_pipeline_dag.py
[2026-05-05T10:36:19.200+0000] {processor.py:840} INFO - DAG(s) 'recommendation_pipeline' retrieved from /opt/airflow/dags/recommendation_pipeline_dag.py
[2026-05-05T10:36:19.233+0000] {logging_mixin.py:188} INFO - [2026-05-05T10:36:19.232+0000] {dag.py:3036} INFO - Sync 1 DAGs
[2026-05-05T10:36:19.248+0000] {logging_mixin.py:188} INFO - [2026-05-05T10:36:19.248+0000] {dag.py:3823} INFO - Setting next_dagrun for recommendation_pipeline to None, run_after=None
[2026-05-05T10:36:19.284+0000] {processor.py:183} INFO - Processing /opt/airflow/dags/recommendation_pipeline_dag.py took 0.121 seconds
[2026-05-05T10:36:49.880+0000] {processor.py:161} INFO - Started process (PID=245) to work on /opt/airflow/dags/recommendation_pipeline_dag.py
[2026-05-05T10:36:49.881+0000] {processor.py:830} INFO - Processing file /opt/airflow/dags/recommendation_pipeline_dag.py for tasks to queue
[2026-05-05T10:36:49.883+0000] {logging_mixin.py:188} INFO - [2026-05-05T10:36:49.882+0000] {dagbag.py:538} INFO - Filling up the DagBag from /opt/airflow/dags/recommendation_pipeline_dag.py
[2026-05-05T10:36:49.914+0000] {processor.py:840} INFO - DAG(s) 'recommendation_pipeline' retrieved from /opt/airflow/dags/recommendation_pipeline_dag.py
[2026-05-05T10:36:49.949+0000] {logging_mixin.py:188} INFO - [2026-05-05T10:36:49.948+0000] {dag.py:3036} INFO - Sync 1 DAGs
[2026-05-05T10:36:49.965+0000] {logging_mixin.py:188} INFO - [2026-05-05T10:36:49.965+0000] {dag.py:3823} INFO - Setting next_dagrun for recommendation_pipeline to None, run_after=None
[2026-05-05T10:36:49.992+0000] {processor.py:183} INFO - Processing /opt/airflow/dags/recommendation_pipeline_dag.py took 0.116 seconds
[2026-05-05T10:37:20.664+0000] {processor.py:161} INFO - Started process (PID=250) to work on /opt/airflow/dags/recommendation_pipeline_dag.py
[2026-05-05T10:37:20.665+0000] {processor.py:830} INFO - Processing file /opt/airflow/dags/recommendation_pipeline_dag.py for tasks to queue
[2026-05-05T10:37:20.666+0000] {logging_mixin.py:188} INFO - [2026-05-05T10:37:20.666+0000] {dagbag.py:538} INFO - Filling up the DagBag from /opt/airflow/dags/recommendation_pipeline_dag.py
[2026-05-05T10:37:20.717+0000] {processor.py:840} INFO - DAG(s) 'recommendation_pipeline' retrieved from /opt/airflow/dags/recommendation_pipeline_dag.py
[2026-05-05T10:37:20.751+0000] {logging_mixin.py:188} INFO - [2026-05-05T10:37:20.751+0000] {dag.py:3036} INFO - Sync 1 DAGs
[2026-05-05T10:37:20.768+0000] {logging_mixin.py:188} INFO - [2026-05-05T10:37:20.768+0000] {dag.py:3823} INFO - Setting next_dagrun for recommendation_pipeline to None, run_after=None
[2026-05-05T10:37:20.803+0000] {processor.py:183} INFO - Processing /opt/airflow/dags/recommendation_pipeline_dag.py took 0.143 seconds
[2026-05-05T10:37:51.388+0000] {processor.py:161} INFO - Started process (PID=255) to work on /opt/airflow/dags/recommendation_pipeline_dag.py
[2026-05-05T10:37:51.390+0000] {processor.py:830} INFO - Processing file /opt/airflow/dags/recommendation_pipeline_dag.py for tasks to queue
[2026-05-05T10:37:51.392+0000] {logging_mixin.py:188} INFO - [2026-05-05T10:37:51.392+0000] {dagbag.py:538} INFO - Filling up the DagBag from /opt/airflow/dags/recommendation_pipeline_dag.py
[2026-05-05T10:37:51.424+0000] {processor.py:840} INFO - DAG(s) 'recommendation_pipeline' retrieved from /opt/airflow/dags/recommendation_pipeline_dag.py
[2026-05-05T10:37:51.461+0000] {logging_mixin.py:188} INFO - [2026-05-05T10:37:51.461+0000] {dag.py:3036} INFO - Sync 1 DAGs
[2026-05-05T10:37:51.480+0000] {logging_mixin.py:188} INFO - [2026-05-05T10:37:51.480+0000] {dag.py:3823} INFO - Setting next_dagrun for recommendation_pipeline to None, run_after=None
[2026-05-05T10:37:51.509+0000] {processor.py:183} INFO - Processing /opt/airflow/dags/recommendation_pipeline_dag.py took 0.126 seconds
[2026-05-05T10:38:22.038+0000] {processor.py:161} INFO - Started process (PID=260) to work on /opt/airflow/dags/recommendation_pipeline_dag.py
[2026-05-05T10:38:22.040+0000] {processor.py:830} INFO - Processing file /opt/airflow/dags/recommendation_pipeline_dag.py for tasks to queue
[2026-05-05T10:38:22.041+0000] {logging_mixin.py:188} INFO - [2026-05-05T10:38:22.041+0000] {dagbag.py:538} INFO - Filling up the DagBag from /opt/airflow/dags/recommendation_pipeline_dag.py
[2026-05-05T10:38:22.075+0000] {processor.py:840} INFO - DAG(s) 'recommendation_pipeline' retrieved from /opt/airflow/dags/recommendation_pipeline_dag.py
[2026-05-05T10:38:22.112+0000] {logging_mixin.py:188} INFO - [2026-05-05T10:38:22.112+0000] {dag.py:3036} INFO - Sync 1 DAGs
[2026-05-05T10:38:22.128+0000] {logging_mixin.py:188} INFO - [2026-05-05T10:38:22.128+0000] {dag.py:3823} INFO - Setting next_dagrun for recommendation_pipeline to None, run_after=None
[2026-05-05T10:38:22.161+0000] {processor.py:183} INFO - Processing /opt/airflow/dags/recommendation_pipeline_dag.py took 0.127 seconds
[2026-05-05T10:38:52.905+0000] {processor.py:161} INFO - Started process (PID=265) to work on /opt/airflow/dags/recommendation_pipeline_dag.py
[2026-05-05T10:38:52.907+0000] {processor.py:830} INFO - Processing file /opt/airflow/dags/recommendation_pipeline_dag.py for tasks to queue
[2026-05-05T10:38:52.908+0000] {logging_mixin.py:188} INFO - [2026-05-05T10:38:52.908+0000] {dagbag.py:538} INFO - Filling up the DagBag from /opt/airflow/dags/recommendation_pipeline_dag.py
[2026-05-05T10:38:52.942+0000] {processor.py:840} INFO - DAG(s) 'recommendation_pipeline' retrieved from /opt/airflow/dags/recommendation_pipeline_dag.py
[2026-05-05T10:38:52.981+0000] {logging_mixin.py:188} INFO - [2026-05-05T10:38:52.981+0000] {dag.py:3036} INFO - Sync 1 DAGs
[2026-05-05T10:38:52.999+0000] {logging_mixin.py:188} INFO - [2026-05-05T10:38:52.999+0000] {dag.py:3823} INFO - Setting next_dagrun for recommendation_pipeline to None, run_after=None
[2026-05-05T10:38:53.025+0000] {processor.py:183} INFO - Processing /opt/airflow/dags/recommendation_pipeline_dag.py took 0.128 seconds
[2026-05-05T10:39:23.709+0000] {processor.py:161} INFO - Started process (PID=270) to work on /opt/airflow/dags/recommendation_pipeline_dag.py
[2026-05-05T10:39:23.710+0000] {processor.py:830} INFO - Processing file /opt/airflow/dags/recommendation_pipeline_dag.py for tasks to queue
[2026-05-05T10:39:23.711+0000] {logging_mixin.py:188} INFO - [2026-05-05T10:39:23.711+0000] {dagbag.py:538} INFO - Filling up the DagBag from /opt/airflow/dags/recommendation_pipeline_dag.py
[2026-05-05T10:39:23.735+0000] {processor.py:840} INFO - DAG(s) 'recommendation_pipeline' retrieved from /opt/airflow/dags/recommendation_pipeline_dag.py
[2026-05-05T10:39:23.766+0000] {logging_mixin.py:188} INFO - [2026-05-05T10:39:23.766+0000] {dag.py:3036} INFO - Sync 1 DAGs
[2026-05-05T10:39:23.781+0000] {logging_mixin.py:188} INFO - [2026-05-05T10:39:23.781+0000] {dag.py:3823} INFO - Setting next_dagrun for recommendation_pipeline to None, run_after=None
[2026-05-05T10:39:23.818+0000] {processor.py:183} INFO - Processing /opt/airflow/dags/recommendation_pipeline_dag.py took 0.112 seconds
[2026-05-05T10:39:54.638+0000] {processor.py:161} INFO - Started process (PID=275) to work on /opt/airflow/dags/recommendation_pipeline_dag.py
[2026-05-05T10:39:54.639+0000] {processor.py:830} INFO - Processing file /opt/airflow/dags/recommendation_pipeline_dag.py for tasks to queue
[2026-05-05T10:39:54.641+0000] {logging_mixin.py:188} INFO - [2026-05-05T10:39:54.640+0000] {dagbag.py:538} INFO - Filling up the DagBag from /opt/airflow/dags/recommendation_pipeline_dag.py
[2026-05-05T10:39:54.671+0000] {processor.py:840} INFO - DAG(s) 'recommendation_pipeline' retrieved from /opt/airflow/dags/recommendation_pipeline_dag.py
[2026-05-05T10:39:54.710+0000] {logging_mixin.py:188} INFO - [2026-05-05T10:39:54.710+0000] {dag.py:3036} INFO - Sync 1 DAGs
[2026-05-05T10:39:54.727+0000] {logging_mixin.py:188} INFO - [2026-05-05T10:39:54.727+0000] {dag.py:3823} INFO - Setting next_dagrun for recommendation_pipeline to None, run_after=None
[2026-05-05T10:39:54.756+0000] {processor.py:183} INFO - Processing /opt/airflow/dags/recommendation_pipeline_dag.py took 0.122 seconds
[2026-05-05T10:40:25.241+0000] {processor.py:161} INFO - Started process (PID=280) to work on /opt/airflow/dags/recommendation_pipeline_dag.py
[2026-05-05T10:40:25.242+0000] {processor.py:830} INFO - Processing file /opt/airflow/dags/recommendation_pipeline_dag.py for tasks to queue
[2026-05-05T10:40:25.244+0000] {logging_mixin.py:188} INFO - [2026-05-05T10:40:25.243+0000] {dagbag.py:538} INFO - Filling up the DagBag from /opt/airflow/dags/recommendation_pipeline_dag.py
[2026-05-05T10:40:25.273+0000] {processor.py:840} INFO - DAG(s) 'recommendation_pipeline' retrieved from /opt/airflow/dags/recommendation_pipeline_dag.py
[2026-05-05T10:40:25.311+0000] {logging_mixin.py:188} INFO - [2026-05-05T10:40:25.310+0000] {dag.py:3036} INFO - Sync 1 DAGs
[2026-05-05T10:40:25.329+0000] {logging_mixin.py:188} INFO - [2026-05-05T10:40:25.328+0000] {dag.py:3823} INFO - Setting next_dagrun for recommendation_pipeline to None, run_after=None
[2026-05-05T10:40:25.355+0000] {processor.py:183} INFO - Processing /opt/airflow/dags/recommendation_pipeline_dag.py took 0.118 seconds
[2026-05-05T10:40:55.910+0000] {processor.py:161} INFO - Started process (PID=285) to work on /opt/airflow/dags/recommendation_pipeline_dag.py
[2026-05-05T10:40:55.911+0000] {processor.py:830} INFO - Processing file /opt/airflow/dags/recommendation_pipeline_dag.py for tasks to queue
[2026-05-05T10:40:55.912+0000] {logging_mixin.py:188} INFO - [2026-05-05T10:40:55.912+0000] {dagbag.py:538} INFO - Filling up the DagBag from /opt/airflow/dags/recommendation_pipeline_dag.py
[2026-05-05T10:40:55.947+0000] {processor.py:840} INFO - DAG(s) 'recommendation_pipeline' retrieved from /opt/airflow/dags/recommendation_pipeline_dag.py
[2026-05-05T10:40:55.978+0000] {logging_mixin.py:188} INFO - [2026-05-05T10:40:55.978+0000] {dag.py:3036} INFO - Sync 1 DAGs
[2026-05-05T10:40:55.993+0000] {logging_mixin.py:188} INFO - [2026-05-05T10:40:55.992+0000] {dag.py:3823} INFO - Setting next_dagrun for recommendation_pipeline to None, run_after=None
[2026-05-05T10:40:56.019+0000] {processor.py:183} INFO - Processing /opt/airflow/dags/recommendation_pipeline_dag.py took 0.114 seconds
[2026-05-05T10:41:26.690+0000] {processor.py:161} INFO - Started process (PID=290) to work on /opt/airflow/dags/recommendation_pipeline_dag.py
[2026-05-05T10:41:26.691+0000] {processor.py:830} INFO - Processing file /opt/airflow/dags/recommendation_pipeline_dag.py for tasks to queue
[2026-05-05T10:41:26.692+0000] {logging_mixin.py:188} INFO - [2026-05-05T10:41:26.692+0000] {dagbag.py:538} INFO - Filling up the DagBag from /opt/airflow/dags/recommendation_pipeline_dag.py
[2026-05-05T10:41:26.721+0000] {processor.py:840} INFO - DAG(s) 'recommendation_pipeline' retrieved from /opt/airflow/dags/recommendation_pipeline_dag.py
[2026-05-05T10:41:26.756+0000] {logging_mixin.py:188} INFO - [2026-05-05T10:41:26.756+0000] {dag.py:3036} INFO - Sync 1 DAGs
[2026-05-05T10:41:26.771+0000] {logging_mixin.py:188} INFO - [2026-05-05T10:41:26.771+0000] {dag.py:3823} INFO - Setting next_dagrun for recommendation_pipeline to None, run_after=None
[2026-05-05T10:41:26.809+0000] {processor.py:183} INFO - Processing /opt/airflow/dags/recommendation_pipeline_dag.py took 0.123 seconds
[2026-05-05T10:41:57.494+0000] {processor.py:161} INFO - Started process (PID=295) to work on /opt/airflow/dags/recommendation_pipeline_dag.py
[2026-05-05T10:41:57.495+0000] {processor.py:830} INFO - Processing file /opt/airflow/dags/recommendation_pipeline_dag.py for tasks to queue
[2026-05-05T10:41:57.497+0000] {logging_mixin.py:188} INFO - [2026-05-05T10:41:57.496+0000] {dagbag.py:538} INFO - Filling up the DagBag from /opt/airflow/dags/recommendation_pipeline_dag.py
[2026-05-05T10:41:57.529+0000] {processor.py:840} INFO - DAG(s) 'recommendation_pipeline' retrieved from /opt/airflow/dags/recommendation_pipeline_dag.py
[2026-05-05T10:41:57.568+0000] {logging_mixin.py:188} INFO - [2026-05-05T10:41:57.568+0000] {dag.py:3036} INFO - Sync 1 DAGs
[2026-05-05T10:41:57.582+0000] {logging_mixin.py:188} INFO - [2026-05-05T10:41:57.581+0000] {dag.py:3823} INFO - Setting next_dagrun for recommendation_pipeline to None, run_after=None
[2026-05-05T10:41:57.613+0000] {processor.py:183} INFO - Processing /opt/airflow/dags/recommendation_pipeline_dag.py took 0.123 seconds
[2026-05-05T10:42:28.261+0000] {processor.py:161} INFO - Started process (PID=300) to work on /opt/airflow/dags/recommendation_pipeline_dag.py
[2026-05-05T10:42:28.262+0000] {processor.py:830} INFO - Processing file /opt/airflow/dags/recommendation_pipeline_dag.py for tasks to queue
[2026-05-05T10:42:28.264+0000] {logging_mixin.py:188} INFO - [2026-05-05T10:42:28.263+0000] {dagbag.py:538} INFO - Filling up the DagBag from /opt/airflow/dags/recommendation_pipeline_dag.py
[2026-05-05T10:42:28.294+0000] {processor.py:840} INFO - DAG(s) 'recommendation_pipeline' retrieved from /opt/airflow/dags/recommendation_pipeline_dag.py
[2026-05-05T10:42:28.325+0000] {logging_mixin.py:188} INFO - [2026-05-05T10:42:28.325+0000] {dag.py:3036} INFO - Sync 1 DAGs
[2026-05-05T10:42:28.340+0000] {logging_mixin.py:188} INFO - [2026-05-05T10:42:28.340+0000] {dag.py:3823} INFO - Setting next_dagrun for recommendation_pipeline to None, run_after=None
[2026-05-05T10:42:28.369+0000] {processor.py:183} INFO - Processing /opt/airflow/dags/recommendation_pipeline_dag.py took 0.111 seconds
[2026-05-05T10:42:59.030+0000] {processor.py:161} INFO - Started process (PID=305) to work on /opt/airflow/dags/recommendation_pipeline_dag.py
[2026-05-05T10:42:59.032+0000] {processor.py:830} INFO - Processing file /opt/airflow/dags/recommendation_pipeline_dag.py for tasks to queue
[2026-05-05T10:42:59.033+0000] {logging_mixin.py:188} INFO - [2026-05-05T10:42:59.033+0000] {dagbag.py:538} INFO - Filling up the DagBag from /opt/airflow/dags/recommendation_pipeline_dag.py
[2026-05-05T10:42:59.061+0000] {processor.py:840} INFO - DAG(s) 'recommendation_pipeline' retrieved from /opt/airflow/dags/recommendation_pipeline_dag.py
[2026-05-05T10:42:59.093+0000] {logging_mixin.py:188} INFO - [2026-05-05T10:42:59.093+0000] {dag.py:3036} INFO - Sync 1 DAGs
[2026-05-05T10:42:59.109+0000] {logging_mixin.py:188} INFO - [2026-05-05T10:42:59.109+0000] {dag.py:3823} INFO - Setting next_dagrun for recommendation_pipeline to None, run_after=None
[2026-05-05T10:42:59.131+0000] {processor.py:183} INFO - Processing /opt/airflow/dags/recommendation_pipeline_dag.py took 0.106 seconds
[2026-05-05T10:43:29.828+0000] {processor.py:161} INFO - Started process (PID=310) to work on /opt/airflow/dags/recommendation_pipeline_dag.py
[2026-05-05T10:43:29.831+0000] {processor.py:830} INFO - Processing file /opt/airflow/dags/recommendation_pipeline_dag.py for tasks to queue
[2026-05-05T10:43:29.833+0000] {logging_mixin.py:188} INFO - [2026-05-05T10:43:29.832+0000] {dagbag.py:538} INFO - Filling up the DagBag from /opt/airflow/dags/recommendation_pipeline_dag.py
[2026-05-05T10:43:29.877+0000] {processor.py:840} INFO - DAG(s) 'recommendation_pipeline' retrieved from /opt/airflow/dags/recommendation_pipeline_dag.py
[2026-05-05T10:43:29.921+0000] {logging_mixin.py:188} INFO - [2026-05-05T10:43:29.920+0000] {dag.py:3036} INFO - Sync 1 DAGs
[2026-05-05T10:43:29.940+0000] {logging_mixin.py:188} INFO - [2026-05-05T10:43:29.940+0000] {dag.py:3823} INFO - Setting next_dagrun for recommendation_pipeline to None, run_after=None
[2026-05-05T10:43:29.980+0000] {processor.py:183} INFO - Processing /opt/airflow/dags/recommendation_pipeline_dag.py took 0.159 seconds
[2026-05-05T10:44:00.055+0000] {processor.py:161} INFO - Started process (PID=315) to work on /opt/airflow/dags/recommendation_pipeline_dag.py
[2026-05-05T10:44:00.056+0000] {processor.py:830} INFO - Processing file /opt/airflow/dags/recommendation_pipeline_dag.py for tasks to queue
[2026-05-05T10:44:00.058+0000] {logging_mixin.py:188} INFO - [2026-05-05T10:44:00.057+0000] {dagbag.py:538} INFO - Filling up the DagBag from /opt/airflow/dags/recommendation_pipeline_dag.py
[2026-05-05T10:44:00.085+0000] {processor.py:840} INFO - DAG(s) 'recommendation_pipeline' retrieved from /opt/airflow/dags/recommendation_pipeline_dag.py
[2026-05-05T10:44:00.119+0000] {logging_mixin.py:188} INFO - [2026-05-05T10:44:00.119+0000] {dag.py:3036} INFO - Sync 1 DAGs
[2026-05-05T10:44:00.137+0000] {logging_mixin.py:188} INFO - [2026-05-05T10:44:00.137+0000] {dag.py:3823} INFO - Setting next_dagrun for recommendation_pipeline to None, run_after=None
[2026-05-05T10:44:00.172+0000] {processor.py:183} INFO - Processing /opt/airflow/dags/recommendation_pipeline_dag.py took 0.121 seconds
[2026-05-05T10:44:30.813+0000] {processor.py:161} INFO - Started process (PID=320) to work on /opt/airflow/dags/recommendation_pipeline_dag.py
[2026-05-05T10:44:30.815+0000] {processor.py:830} INFO - Processing file /opt/airflow/dags/recommendation_pipeline_dag.py for tasks to queue
[2026-05-05T10:44:30.816+0000] {logging_mixin.py:188} INFO - [2026-05-05T10:44:30.816+0000] {dagbag.py:538} INFO - Filling up the DagBag from /opt/airflow/dags/recommendation_pipeline_dag.py
[2026-05-05T10:44:30.843+0000] {processor.py:840} INFO - DAG(s) 'recommendation_pipeline' retrieved from /opt/airflow/dags/recommendation_pipeline_dag.py
[2026-05-05T10:44:30.891+0000] {logging_mixin.py:188} INFO - [2026-05-05T10:44:30.890+0000] {dag.py:3036} INFO - Sync 1 DAGs
[2026-05-05T10:44:30.905+0000] {logging_mixin.py:188} INFO - [2026-05-05T10:44:30.905+0000] {dag.py:3823} INFO - Setting next_dagrun for recommendation_pipeline to None, run_after=None
[2026-05-05T10:44:30.935+0000] {processor.py:183} INFO - Processing /opt/airflow/dags/recommendation_pipeline_dag.py took 0.126 seconds
[2026-05-05T10:45:01.541+0000] {processor.py:161} INFO - Started process (PID=325) to work on /opt/airflow/dags/recommendation_pipeline_dag.py
[2026-05-05T10:45:01.543+0000] {processor.py:830} INFO - Processing file /opt/airflow/dags/recommendation_pipeline_dag.py for tasks to queue
[2026-05-05T10:45:01.544+0000] {logging_mixin.py:188} INFO - [2026-05-05T10:45:01.544+0000] {dagbag.py:538} INFO - Filling up the DagBag from /opt/airflow/dags/recommendation_pipeline_dag.py
[2026-05-05T10:45:01.573+0000] {processor.py:840} INFO - DAG(s) 'recommendation_pipeline' retrieved from /opt/airflow/dags/recommendation_pipeline_dag.py
[2026-05-05T10:45:01.605+0000] {logging_mixin.py:188} INFO - [2026-05-05T10:45:01.605+0000] {dag.py:3036} INFO - Sync 1 DAGs
[2026-05-05T10:45:01.619+0000] {logging_mixin.py:188} INFO - [2026-05-05T10:45:01.619+0000] {dag.py:3823} INFO - Setting next_dagrun for recommendation_pipeline to None, run_after=None
[2026-05-05T10:45:01.646+0000] {processor.py:183} INFO - Processing /opt/airflow/dags/recommendation_pipeline_dag.py took 0.108 seconds
[2026-05-05T10:45:32.327+0000] {processor.py:161} INFO - Started process (PID=330) to work on /opt/airflow/dags/recommendation_pipeline_dag.py
[2026-05-05T10:45:32.329+0000] {processor.py:830} INFO - Processing file /opt/airflow/dags/recommendation_pipeline_dag.py for tasks to queue
[2026-05-05T10:45:32.330+0000] {logging_mixin.py:188} INFO - [2026-05-05T10:45:32.330+0000] {dagbag.py:538} INFO - Filling up the DagBag from /opt/airflow/dags/recommendation_pipeline_dag.py
[2026-05-05T10:45:32.359+0000] {processor.py:840} INFO - DAG(s) 'recommendation_pipeline' retrieved from /opt/airflow/dags/recommendation_pipeline_dag.py
[2026-05-05T10:45:32.389+0000] {logging_mixin.py:188} INFO - [2026-05-05T10:45:32.389+0000] {dag.py:3036} INFO - Sync 1 DAGs
[2026-05-05T10:45:32.404+0000] {logging_mixin.py:188} INFO - [2026-05-05T10:45:32.403+0000] {dag.py:3823} INFO - Setting next_dagrun for recommendation_pipeline to None, run_after=None
[2026-05-05T10:45:32.427+0000] {processor.py:183} INFO - Processing /opt/airflow/dags/recommendation_pipeline_dag.py took 0.103 seconds
[2026-05-05T10:46:02.973+0000] {processor.py:161} INFO - Started process (PID=335) to work on /opt/airflow/dags/recommendation_pipeline_dag.py
[2026-05-05T10:46:02.975+0000] {processor.py:830} INFO - Processing file /opt/airflow/dags/recommendation_pipeline_dag.py for tasks to queue
[2026-05-05T10:46:02.976+0000] {logging_mixin.py:188} INFO - [2026-05-05T10:46:02.976+0000] {dagbag.py:538} INFO - Filling up the DagBag from /opt/airflow/dags/recommendation_pipeline_dag.py
[2026-05-05T10:46:03.007+0000] {processor.py:840} INFO - DAG(s) 'recommendation_pipeline' retrieved from /opt/airflow/dags/recommendation_pipeline_dag.py
[2026-05-05T10:46:03.039+0000] {logging_mixin.py:188} INFO - [2026-05-05T10:46:03.039+0000] {dag.py:3036} INFO - Sync 1 DAGs
[2026-05-05T10:46:03.054+0000] {logging_mixin.py:188} INFO - [2026-05-05T10:46:03.054+0000] {dag.py:3823} INFO - Setting next_dagrun for recommendation_pipeline to None, run_after=None
[2026-05-05T10:46:03.077+0000] {processor.py:183} INFO - Processing /opt/airflow/dags/recommendation_pipeline_dag.py took 0.108 seconds
[2026-05-05T10:46:33.586+0000] {processor.py:161} INFO - Started process (PID=340) to work on /opt/airflow/dags/recommendation_pipeline_dag.py
[2026-05-05T10:46:33.588+0000] {processor.py:830} INFO - Processing file /opt/airflow/dags/recommendation_pipeline_dag.py for tasks to queue
[2026-05-05T10:46:33.589+0000] {logging_mixin.py:188} INFO - [2026-05-05T10:46:33.589+0000] {dagbag.py:538} INFO - Filling up the DagBag from /opt/airflow/dags/recommendation_pipeline_dag.py
[2026-05-05T10:46:33.617+0000] {processor.py:840} INFO - DAG(s) 'recommendation_pipeline' retrieved from /opt/airflow/dags/recommendation_pipeline_dag.py
[2026-05-05T10:46:33.648+0000] {logging_mixin.py:188} INFO - [2026-05-05T10:46:33.647+0000] {dag.py:3036} INFO - Sync 1 DAGs
[2026-05-05T10:46:33.662+0000] {logging_mixin.py:188} INFO - [2026-05-05T10:46:33.662+0000] {dag.py:3823} INFO - Setting next_dagrun for recommendation_pipeline to None, run_after=None
[2026-05-05T10:46:33.686+0000] {processor.py:183} INFO - Processing /opt/airflow/dags/recommendation_pipeline_dag.py took 0.104 seconds
[2026-05-05T10:47:04.245+0000] {processor.py:161} INFO - Started process (PID=345) to work on /opt/airflow/dags/recommendation_pipeline_dag.py
[2026-05-05T10:47:04.246+0000] {processor.py:830} INFO - Processing file /opt/airflow/dags/recommendation_pipeline_dag.py for tasks to queue
[2026-05-05T10:47:04.248+0000] {logging_mixin.py:188} INFO - [2026-05-05T10:47:04.248+0000] {dagbag.py:538} INFO - Filling up the DagBag from /opt/airflow/dags/recommendation_pipeline_dag.py
[2026-05-05T10:47:04.282+0000] {processor.py:840} INFO - DAG(s) 'recommendation_pipeline' retrieved from /opt/airflow/dags/recommendation_pipeline_dag.py
[2026-05-05T10:47:04.319+0000] {logging_mixin.py:188} INFO - [2026-05-05T10:47:04.318+0000] {dag.py:3036} INFO - Sync 1 DAGs
[2026-05-05T10:47:04.340+0000] {logging_mixin.py:188} INFO - [2026-05-05T10:47:04.340+0000] {dag.py:3823} INFO - Setting next_dagrun for recommendation_pipeline to None, run_after=None
[2026-05-05T10:47:04.371+0000] {processor.py:183} INFO - Processing /opt/airflow/dags/recommendation_pipeline_dag.py took 0.131 seconds
[2026-05-05T10:47:35.037+0000] {processor.py:161} INFO - Started process (PID=350) to work on /opt/airflow/dags/recommendation_pipeline_dag.py
[2026-05-05T10:47:35.038+0000] {processor.py:830} INFO - Processing file /opt/airflow/dags/recommendation_pipeline_dag.py for tasks to queue
[2026-05-05T10:47:35.039+0000] {logging_mixin.py:188} INFO - [2026-05-05T10:47:35.039+0000] {dagbag.py:538} INFO - Filling up the DagBag from /opt/airflow/dags/recommendation_pipeline_dag.py
[2026-05-05T10:47:35.066+0000] {processor.py:840} INFO - DAG(s) 'recommendation_pipeline' retrieved from /opt/airflow/dags/recommendation_pipeline_dag.py
[2026-05-05T10:47:35.098+0000] {logging_mixin.py:188} INFO - [2026-05-05T10:47:35.097+0000] {dag.py:3036} INFO - Sync 1 DAGs
[2026-05-05T10:47:35.113+0000] {logging_mixin.py:188} INFO - [2026-05-05T10:47:35.113+0000] {dag.py:3823} INFO - Setting next_dagrun for recommendation_pipeline to None, run_after=None
[2026-05-05T10:47:35.147+0000] {processor.py:183} INFO - Processing /opt/airflow/dags/recommendation_pipeline_dag.py took 0.114 seconds
[2026-05-05T10:48:05.223+0000] {processor.py:161} INFO - Started process (PID=355) to work on /opt/airflow/dags/recommendation_pipeline_dag.py
[2026-05-05T10:48:05.224+0000] {processor.py:830} INFO - Processing file /opt/airflow/dags/recommendation_pipeline_dag.py for tasks to queue
[2026-05-05T10:48:05.225+0000] {logging_mixin.py:188} INFO - [2026-05-05T10:48:05.225+0000] {dagbag.py:538} INFO - Filling up the DagBag from /opt/airflow/dags/recommendation_pipeline_dag.py
[2026-05-05T10:48:05.256+0000] {processor.py:840} INFO - DAG(s) 'recommendation_pipeline' retrieved from /opt/airflow/dags/recommendation_pipeline_dag.py
[2026-05-05T10:48:05.294+0000] {logging_mixin.py:188} INFO - [2026-05-05T10:48:05.294+0000] {dag.py:3036} INFO - Sync 1 DAGs
[2026-05-05T10:48:05.311+0000] {logging_mixin.py:188} INFO - [2026-05-05T10:48:05.310+0000] {dag.py:3823} INFO - Setting next_dagrun for recommendation_pipeline to None, run_after=None
[2026-05-05T10:48:05.352+0000] {processor.py:183} INFO - Processing /opt/airflow/dags/recommendation_pipeline_dag.py took 0.132 seconds
[2026-05-05T10:48:35.843+0000] {processor.py:161} INFO - Started process (PID=360) to work on /opt/airflow/dags/recommendation_pipeline_dag.py
[2026-05-05T10:48:35.846+0000] {processor.py:830} INFO - Processing file /opt/airflow/dags/recommendation_pipeline_dag.py for tasks to queue
[2026-05-05T10:48:35.847+0000] {logging_mixin.py:188} INFO - [2026-05-05T10:48:35.847+0000] {dagbag.py:538} INFO - Filling up the DagBag from /opt/airflow/dags/recommendation_pipeline_dag.py
[2026-05-05T10:48:35.877+0000] {processor.py:840} INFO - DAG(s) 'recommendation_pipeline' retrieved from /opt/airflow/dags/recommendation_pipeline_dag.py
[2026-05-05T10:48:35.913+0000] {logging_mixin.py:188} INFO - [2026-05-05T10:48:35.912+0000] {dag.py:3036} INFO - Sync 1 DAGs
[2026-05-05T10:48:35.931+0000] {logging_mixin.py:188} INFO - [2026-05-05T10:48:35.931+0000] {dag.py:3823} INFO - Setting next_dagrun for recommendation_pipeline to None, run_after=None
[2026-05-05T10:48:35.955+0000] {processor.py:183} INFO - Processing /opt/airflow/dags/recommendation_pipeline_dag.py took 0.116 seconds
[2026-05-05T10:49:06.521+0000] {processor.py:161} INFO - Started process (PID=365) to work on /opt/airflow/dags/recommendation_pipeline_dag.py
[2026-05-05T10:49:06.522+0000] {processor.py:830} INFO - Processing file /opt/airflow/dags/recommendation_pipeline_dag.py for tasks to queue
[2026-05-05T10:49:06.524+0000] {logging_mixin.py:188} INFO - [2026-05-05T10:49:06.523+0000] {dagbag.py:538} INFO - Filling up the DagBag from /opt/airflow/dags/recommendation_pipeline_dag.py
[2026-05-05T10:49:06.551+0000] {processor.py:840} INFO - DAG(s) 'recommendation_pipeline' retrieved from /opt/airflow/dags/recommendation_pipeline_dag.py
[2026-05-05T10:49:06.585+0000] {logging_mixin.py:188} INFO - [2026-05-05T10:49:06.585+0000] {dag.py:3036} INFO - Sync 1 DAGs
[2026-05-05T10:49:06.600+0000] {logging_mixin.py:188} INFO - [2026-05-05T10:49:06.600+0000] {dag.py:3823} INFO - Setting next_dagrun for recommendation_pipeline to None, run_after=None
[2026-05-05T10:49:06.635+0000] {processor.py:183} INFO - Processing /opt/airflow/dags/recommendation_pipeline_dag.py took 0.117 seconds
[2026-05-05T10:49:37.235+0000] {processor.py:161} INFO - Started process (PID=370) to work on /opt/airflow/dags/recommendation_pipeline_dag.py
[2026-05-05T10:49:37.236+0000] {processor.py:830} INFO - Processing file /opt/airflow/dags/recommendation_pipeline_dag.py for tasks to queue
[2026-05-05T10:49:37.237+0000] {logging_mixin.py:188} INFO - [2026-05-05T10:49:37.237+0000] {dagbag.py:538} INFO - Filling up the DagBag from /opt/airflow/dags/recommendation_pipeline_dag.py
[2026-05-05T10:49:37.262+0000] {processor.py:840} INFO - DAG(s) 'recommendation_pipeline' retrieved from /opt/airflow/dags/recommendation_pipeline_dag.py
[2026-05-05T10:49:37.294+0000] {logging_mixin.py:188} INFO - [2026-05-05T10:49:37.294+0000] {dag.py:3036} INFO - Sync 1 DAGs
[2026-05-05T10:49:37.309+0000] {logging_mixin.py:188} INFO - [2026-05-05T10:49:37.309+0000] {dag.py:3823} INFO - Setting next_dagrun for recommendation_pipeline to None, run_after=None
[2026-05-05T10:49:37.332+0000] {processor.py:183} INFO - Processing /opt/airflow/dags/recommendation_pipeline_dag.py took 0.101 seconds
[2026-05-05T10:50:08.003+0000] {processor.py:161} INFO - Started process (PID=375) to work on /opt/airflow/dags/recommendation_pipeline_dag.py
[2026-05-05T10:50:08.004+0000] {processor.py:830} INFO - Processing file /opt/airflow/dags/recommendation_pipeline_dag.py for tasks to queue
[2026-05-05T10:50:08.005+0000] {logging_mixin.py:188} INFO - [2026-05-05T10:50:08.005+0000] {dagbag.py:538} INFO - Filling up the DagBag from /opt/airflow/dags/recommendation_pipeline_dag.py
[2026-05-05T10:50:08.033+0000] {processor.py:840} INFO - DAG(s) 'recommendation_pipeline' retrieved from /opt/airflow/dags/recommendation_pipeline_dag.py
[2026-05-05T10:50:08.083+0000] {logging_mixin.py:188} INFO - [2026-05-05T10:50:08.083+0000] {dag.py:3036} INFO - Sync 1 DAGs
[2026-05-05T10:50:08.099+0000] {logging_mixin.py:188} INFO - [2026-05-05T10:50:08.098+0000] {dag.py:3823} INFO - Setting next_dagrun for recommendation_pipeline to None, run_after=None
[2026-05-05T10:50:08.122+0000] {processor.py:183} INFO - Processing /opt/airflow/dags/recommendation_pipeline_dag.py took 0.122 seconds
[2026-05-05T10:50:38.687+0000] {processor.py:161} INFO - Started process (PID=380) to work on /opt/airflow/dags/recommendation_pipeline_dag.py
[2026-05-05T10:50:38.689+0000] {processor.py:830} INFO - Processing file /opt/airflow/dags/recommendation_pipeline_dag.py for tasks to queue
[2026-05-05T10:50:38.690+0000] {logging_mixin.py:188} INFO - [2026-05-05T10:50:38.690+0000] {dagbag.py:538} INFO - Filling up the DagBag from /opt/airflow/dags/recommendation_pipeline_dag.py
[2026-05-05T10:50:38.717+0000] {processor.py:840} INFO - DAG(s) 'recommendation_pipeline' retrieved from /opt/airflow/dags/recommendation_pipeline_dag.py
[2026-05-05T10:50:38.751+0000] {logging_mixin.py:188} INFO - [2026-05-05T10:50:38.751+0000] {dag.py:3036} INFO - Sync 1 DAGs
[2026-05-05T10:50:38.767+0000] {logging_mixin.py:188} INFO - [2026-05-05T10:50:38.767+0000] {dag.py:3823} INFO - Setting next_dagrun for recommendation_pipeline to None, run_after=None
[2026-05-05T10:50:38.792+0000] {processor.py:183} INFO - Processing /opt/airflow/dags/recommendation_pipeline_dag.py took 0.109 seconds
[2026-05-05T10:51:09.546+0000] {processor.py:161} INFO - Started process (PID=385) to work on /opt/airflow/dags/recommendation_pipeline_dag.py
[2026-05-05T10:51:09.553+0000] {processor.py:830} INFO - Processing file /opt/airflow/dags/recommendation_pipeline_dag.py for tasks to queue
[2026-05-05T10:51:09.557+0000] {logging_mixin.py:188} INFO - [2026-05-05T10:51:09.556+0000] {dagbag.py:538} INFO - Filling up the DagBag from /opt/airflow/dags/recommendation_pipeline_dag.py
[2026-05-05T10:51:09.626+0000] {processor.py:840} INFO - DAG(s) 'recommendation_pipeline' retrieved from /opt/airflow/dags/recommendation_pipeline_dag.py
[2026-05-05T10:51:09.693+0000] {logging_mixin.py:188} INFO - [2026-05-05T10:51:09.692+0000] {dag.py:3036} INFO - Sync 1 DAGs
[2026-05-05T10:51:09.736+0000] {logging_mixin.py:188} INFO - [2026-05-05T10:51:09.735+0000] {dag.py:3823} INFO - Setting next_dagrun for recommendation_pipeline to None, run_after=None
[2026-05-05T10:51:09.811+0000] {processor.py:183} INFO - Processing /opt/airflow/dags/recommendation_pipeline_dag.py took 0.271 seconds
[2026-05-05T10:51:40.118+0000] {processor.py:161} INFO - Started process (PID=390) to work on /opt/airflow/dags/recommendation_pipeline_dag.py
[2026-05-05T10:51:40.119+0000] {processor.py:830} INFO - Processing file /opt/airflow/dags/recommendation_pipeline_dag.py for tasks to queue
[2026-05-05T10:51:40.120+0000] {logging_mixin.py:188} INFO - [2026-05-05T10:51:40.120+0000] {dagbag.py:538} INFO - Filling up the DagBag from /opt/airflow/dags/recommendation_pipeline_dag.py
[2026-05-05T10:51:40.149+0000] {processor.py:840} INFO - DAG(s) 'recommendation_pipeline' retrieved from /opt/airflow/dags/recommendation_pipeline_dag.py
[2026-05-05T10:51:40.182+0000] {logging_mixin.py:188} INFO - [2026-05-05T10:51:40.181+0000] {dag.py:3036} INFO - Sync 1 DAGs
[2026-05-05T10:51:40.200+0000] {logging_mixin.py:188} INFO - [2026-05-05T10:51:40.200+0000] {dag.py:3823} INFO - Setting next_dagrun for recommendation_pipeline to None, run_after=None
[2026-05-05T10:51:40.235+0000] {processor.py:183} INFO - Processing /opt/airflow/dags/recommendation_pipeline_dag.py took 0.122 seconds
[2026-05-05T10:52:11.076+0000] {processor.py:161} INFO - Started process (PID=395) to work on /opt/airflow/dags/recommendation_pipeline_dag.py
[2026-05-05T10:52:11.077+0000] {processor.py:830} INFO - Processing file /opt/airflow/dags/recommendation_pipeline_dag.py for tasks to queue
[2026-05-05T10:52:11.079+0000] {logging_mixin.py:188} INFO - [2026-05-05T10:52:11.078+0000] {dagbag.py:538} INFO - Filling up the DagBag from /opt/airflow/dags/recommendation_pipeline_dag.py
[2026-05-05T10:52:11.109+0000] {processor.py:840} INFO - DAG(s) 'recommendation_pipeline' retrieved from /opt/airflow/dags/recommendation_pipeline_dag.py
[2026-05-05T10:52:11.150+0000] {logging_mixin.py:188} INFO - [2026-05-05T10:52:11.150+0000] {dag.py:3036} INFO - Sync 1 DAGs
[2026-05-05T10:52:11.177+0000] {logging_mixin.py:188} INFO - [2026-05-05T10:52:11.176+0000] {dag.py:3823} INFO - Setting next_dagrun for recommendation_pipeline to None, run_after=None
[2026-05-05T10:52:11.209+0000] {processor.py:183} INFO - Processing /opt/airflow/dags/recommendation_pipeline_dag.py took 0.138 seconds
[2026-05-05T10:52:41.780+0000] {processor.py:161} INFO - Started process (PID=400) to work on /opt/airflow/dags/recommendation_pipeline_dag.py
[2026-05-05T10:52:41.782+0000] {processor.py:830} INFO - Processing file /opt/airflow/dags/recommendation_pipeline_dag.py for tasks to queue
[2026-05-05T10:52:41.783+0000] {logging_mixin.py:188} INFO - [2026-05-05T10:52:41.783+0000] {dagbag.py:538} INFO - Filling up the DagBag from /opt/airflow/dags/recommendation_pipeline_dag.py
[2026-05-05T10:52:41.812+0000] {processor.py:840} INFO - DAG(s) 'recommendation_pipeline' retrieved from /opt/airflow/dags/recommendation_pipeline_dag.py
[2026-05-05T10:52:41.849+0000] {logging_mixin.py:188} INFO - [2026-05-05T10:52:41.849+0000] {dag.py:3036} INFO - Sync 1 DAGs
[2026-05-05T10:52:41.868+0000] {logging_mixin.py:188} INFO - [2026-05-05T10:52:41.867+0000] {dag.py:3823} INFO - Setting next_dagrun for recommendation_pipeline to None, run_after=None
[2026-05-05T10:52:41.894+0000] {processor.py:183} INFO - Processing /opt/airflow/dags/recommendation_pipeline_dag.py took 0.118 seconds
[2026-05-05T10:53:12.918+0000] {processor.py:161} INFO - Started process (PID=405) to work on /opt/airflow/dags/recommendation_pipeline_dag.py
[2026-05-05T10:53:12.927+0000] {processor.py:830} INFO - Processing file /opt/airflow/dags/recommendation_pipeline_dag.py for tasks to queue
[2026-05-05T10:53:12.929+0000] {logging_mixin.py:188} INFO - [2026-05-05T10:53:12.929+0000] {dagbag.py:538} INFO - Filling up the DagBag from /opt/airflow/dags/recommendation_pipeline_dag.py
[2026-05-05T10:53:13.080+0000] {processor.py:840} INFO - DAG(s) 'recommendation_pipeline' retrieved from /opt/airflow/dags/recommendation_pipeline_dag.py
[2026-05-05T10:53:13.188+0000] {logging_mixin.py:188} INFO - [2026-05-05T10:53:13.187+0000] {dag.py:3036} INFO - Sync 1 DAGs
[2026-05-05T10:53:13.232+0000] {logging_mixin.py:188} INFO - [2026-05-05T10:53:13.231+0000] {dag.py:3823} INFO - Setting next_dagrun for recommendation_pipeline to None, run_after=None
[2026-05-05T10:53:13.303+0000] {processor.py:183} INFO - Processing /opt/airflow/dags/recommendation_pipeline_dag.py took 0.392 seconds
[2026-05-05T10:53:43.750+0000] {processor.py:161} INFO - Started process (PID=410) to work on /opt/airflow/dags/recommendation_pipeline_dag.py
[2026-05-05T10:53:43.752+0000] {processor.py:830} INFO - Processing file /opt/airflow/dags/recommendation_pipeline_dag.py for tasks to queue
[2026-05-05T10:53:43.755+0000] {logging_mixin.py:188} INFO - [2026-05-05T10:53:43.754+0000] {dagbag.py:538} INFO - Filling up the DagBag from /opt/airflow/dags/recommendation_pipeline_dag.py
[2026-05-05T10:53:43.803+0000] {processor.py:840} INFO - DAG(s) 'recommendation_pipeline' retrieved from /opt/airflow/dags/recommendation_pipeline_dag.py
[2026-05-05T10:53:43.866+0000] {logging_mixin.py:188} INFO - [2026-05-05T10:53:43.866+0000] {dag.py:3036} INFO - Sync 1 DAGs
[2026-05-05T10:53:43.891+0000] {logging_mixin.py:188} INFO - [2026-05-05T10:53:43.891+0000] {dag.py:3823} INFO - Setting next_dagrun for recommendation_pipeline to None, run_after=None
[2026-05-05T10:53:43.926+0000] {processor.py:183} INFO - Processing /opt/airflow/dags/recommendation_pipeline_dag.py took 0.180 seconds
[2026-05-05T10:54:14.126+0000] {processor.py:161} INFO - Started process (PID=415) to work on /opt/airflow/dags/recommendation_pipeline_dag.py
[2026-05-05T10:54:14.132+0000] {processor.py:830} INFO - Processing file /opt/airflow/dags/recommendation_pipeline_dag.py for tasks to queue
[2026-05-05T10:54:14.138+0000] {logging_mixin.py:188} INFO - [2026-05-05T10:54:14.136+0000] {dagbag.py:538} INFO - Filling up the DagBag from /opt/airflow/dags/recommendation_pipeline_dag.py
[2026-05-05T10:54:14.274+0000] {processor.py:840} INFO - DAG(s) 'recommendation_pipeline' retrieved from /opt/airflow/dags/recommendation_pipeline_dag.py
[2026-05-05T10:54:14.425+0000] {logging_mixin.py:188} INFO - [2026-05-05T10:54:14.425+0000] {dag.py:3036} INFO - Sync 1 DAGs
[2026-05-05T10:54:14.500+0000] {logging_mixin.py:188} INFO - [2026-05-05T10:54:14.499+0000] {dag.py:3823} INFO - Setting next_dagrun for recommendation_pipeline to None, run_after=None
[2026-05-05T10:54:14.609+0000] {processor.py:183} INFO - Processing /opt/airflow/dags/recommendation_pipeline_dag.py took 0.503 seconds
[2026-05-05T10:54:45.050+0000] {processor.py:161} INFO - Started process (PID=420) to work on /opt/airflow/dags/recommendation_pipeline_dag.py
[2026-05-05T10:54:45.056+0000] {processor.py:830} INFO - Processing file /opt/airflow/dags/recommendation_pipeline_dag.py for tasks to queue
[2026-05-05T10:54:45.059+0000] {logging_mixin.py:188} INFO - [2026-05-05T10:54:45.058+0000] {dagbag.py:538} INFO - Filling up the DagBag from /opt/airflow/dags/recommendation_pipeline_dag.py
[2026-05-05T10:54:45.160+0000] {processor.py:840} INFO - DAG(s) 'recommendation_pipeline' retrieved from /opt/airflow/dags/recommendation_pipeline_dag.py
[2026-05-05T10:54:45.283+0000] {logging_mixin.py:188} INFO - [2026-05-05T10:54:45.282+0000] {dag.py:3036} INFO - Sync 1 DAGs
[2026-05-05T10:54:45.324+0000] {logging_mixin.py:188} INFO - [2026-05-05T10:54:45.324+0000] {dag.py:3823} INFO - Setting next_dagrun for recommendation_pipeline to None, run_after=None
[2026-05-05T10:54:45.413+0000] {processor.py:183} INFO - Processing /opt/airflow/dags/recommendation_pipeline_dag.py took 0.379 seconds
[2026-05-05T10:55:15.873+0000] {processor.py:161} INFO - Started process (PID=425) to work on /opt/airflow/dags/recommendation_pipeline_dag.py
[2026-05-05T10:55:15.876+0000] {processor.py:830} INFO - Processing file /opt/airflow/dags/recommendation_pipeline_dag.py for tasks to queue
[2026-05-05T10:55:15.879+0000] {logging_mixin.py:188} INFO - [2026-05-05T10:55:15.878+0000] {dagbag.py:538} INFO - Filling up the DagBag from /opt/airflow/dags/recommendation_pipeline_dag.py
[2026-05-05T10:55:15.953+0000] {processor.py:840} INFO - DAG(s) 'recommendation_pipeline' retrieved from /opt/airflow/dags/recommendation_pipeline_dag.py
[2026-05-05T10:55:16.042+0000] {logging_mixin.py:188} INFO - [2026-05-05T10:55:16.041+0000] {dag.py:3036} INFO - Sync 1 DAGs
[2026-05-05T10:55:16.084+0000] {logging_mixin.py:188} INFO - [2026-05-05T10:55:16.083+0000] {dag.py:3823} INFO - Setting next_dagrun for recommendation_pipeline to None, run_after=None
[2026-05-05T10:55:16.120+0000] {processor.py:183} INFO - Processing /opt/airflow/dags/recommendation_pipeline_dag.py took 0.257 seconds
[2026-05-05T10:55:46.729+0000] {processor.py:161} INFO - Started process (PID=430) to work on /opt/airflow/dags/recommendation_pipeline_dag.py
[2026-05-05T10:55:46.733+0000] {processor.py:830} INFO - Processing file /opt/airflow/dags/recommendation_pipeline_dag.py for tasks to queue
[2026-05-05T10:55:46.736+0000] {logging_mixin.py:188} INFO - [2026-05-05T10:55:46.735+0000] {dagbag.py:538} INFO - Filling up the DagBag from /opt/airflow/dags/recommendation_pipeline_dag.py
[2026-05-05T10:55:46.812+0000] {processor.py:840} INFO - DAG(s) 'recommendation_pipeline' retrieved from /opt/airflow/dags/recommendation_pipeline_dag.py
[2026-05-05T10:55:46.903+0000] {logging_mixin.py:188} INFO - [2026-05-05T10:55:46.902+0000] {dag.py:3036} INFO - Sync 1 DAGs
[2026-05-05T10:55:46.947+0000] {logging_mixin.py:188} INFO - [2026-05-05T10:55:46.946+0000] {dag.py:3823} INFO - Setting next_dagrun for recommendation_pipeline to None, run_after=None
[2026-05-05T10:55:46.991+0000] {processor.py:183} INFO - Processing /opt/airflow/dags/recommendation_pipeline_dag.py took 0.272 seconds
[2026-05-05T10:56:17.124+0000] {processor.py:161} INFO - Started process (PID=435) to work on /opt/airflow/dags/recommendation_pipeline_dag.py
[2026-05-05T10:56:17.126+0000] {processor.py:830} INFO - Processing file /opt/airflow/dags/recommendation_pipeline_dag.py for tasks to queue
[2026-05-05T10:56:17.130+0000] {logging_mixin.py:188} INFO - [2026-05-05T10:56:17.128+0000] {dagbag.py:538} INFO - Filling up the DagBag from /opt/airflow/dags/recommendation_pipeline_dag.py
[2026-05-05T10:56:17.168+0000] {processor.py:840} INFO - DAG(s) 'recommendation_pipeline' retrieved from /opt/airflow/dags/recommendation_pipeline_dag.py
[2026-05-05T10:56:17.209+0000] {logging_mixin.py:188} INFO - [2026-05-05T10:56:17.209+0000] {dag.py:3036} INFO - Sync 1 DAGs
[2026-05-05T10:56:17.228+0000] {logging_mixin.py:188} INFO - [2026-05-05T10:56:17.227+0000] {dag.py:3823} INFO - Setting next_dagrun for recommendation_pipeline to None, run_after=None
[2026-05-05T10:56:17.258+0000] {processor.py:183} INFO - Processing /opt/airflow/dags/recommendation_pipeline_dag.py took 0.140 seconds
[2026-05-05T10:56:47.952+0000] {processor.py:161} INFO - Started process (PID=440) to work on /opt/airflow/dags/recommendation_pipeline_dag.py
[2026-05-05T10:56:47.955+0000] {processor.py:830} INFO - Processing file /opt/airflow/dags/recommendation_pipeline_dag.py for tasks to queue
[2026-05-05T10:56:47.958+0000] {logging_mixin.py:188} INFO - [2026-05-05T10:56:47.957+0000] {dagbag.py:538} INFO - Filling up the DagBag from /opt/airflow/dags/recommendation_pipeline_dag.py
[2026-05-05T10:56:47.999+0000] {processor.py:840} INFO - DAG(s) 'recommendation_pipeline' retrieved from /opt/airflow/dags/recommendation_pipeline_dag.py
[2026-05-05T10:56:48.039+0000] {logging_mixin.py:188} INFO - [2026-05-05T10:56:48.039+0000] {dag.py:3036} INFO - Sync 1 DAGs
[2026-05-05T10:56:48.056+0000] {logging_mixin.py:188} INFO - [2026-05-05T10:56:48.056+0000] {dag.py:3823} INFO - Setting next_dagrun for recommendation_pipeline to None, run_after=None
[2026-05-05T10:56:48.084+0000] {processor.py:183} INFO - Processing /opt/airflow/dags/recommendation_pipeline_dag.py took 0.139 seconds
[2026-05-05T10:57:18.848+0000] {processor.py:161} INFO - Started process (PID=445) to work on /opt/airflow/dags/recommendation_pipeline_dag.py
[2026-05-05T10:57:18.851+0000] {processor.py:830} INFO - Processing file /opt/airflow/dags/recommendation_pipeline_dag.py for tasks to queue
[2026-05-05T10:57:18.854+0000] {logging_mixin.py:188} INFO - [2026-05-05T10:57:18.853+0000] {dagbag.py:538} INFO - Filling up the DagBag from /opt/airflow/dags/recommendation_pipeline_dag.py
[2026-05-05T10:57:18.927+0000] {processor.py:840} INFO - DAG(s) 'recommendation_pipeline' retrieved from /opt/airflow/dags/recommendation_pipeline_dag.py
[2026-05-05T10:57:19.005+0000] {logging_mixin.py:188} INFO - [2026-05-05T10:57:19.005+0000] {dag.py:3036} INFO - Sync 1 DAGs
[2026-05-05T10:57:19.031+0000] {logging_mixin.py:188} INFO - [2026-05-05T10:57:19.031+0000] {dag.py:3823} INFO - Setting next_dagrun for recommendation_pipeline to None, run_after=None
[2026-05-05T10:57:19.060+0000] {processor.py:183} INFO - Processing /opt/airflow/dags/recommendation_pipeline_dag.py took 0.220 seconds
[2026-05-05T10:57:49.605+0000] {processor.py:161} INFO - Started process (PID=450) to work on /opt/airflow/dags/recommendation_pipeline_dag.py
[2026-05-05T10:57:49.609+0000] {processor.py:830} INFO - Processing file /opt/airflow/dags/recommendation_pipeline_dag.py for tasks to queue
[2026-05-05T10:57:49.612+0000] {logging_mixin.py:188} INFO - [2026-05-05T10:57:49.611+0000] {dagbag.py:538} INFO - Filling up the DagBag from /opt/airflow/dags/recommendation_pipeline_dag.py
[2026-05-05T10:57:49.686+0000] {processor.py:840} INFO - DAG(s) 'recommendation_pipeline' retrieved from /opt/airflow/dags/recommendation_pipeline_dag.py
[2026-05-05T10:57:49.766+0000] {logging_mixin.py:188} INFO - [2026-05-05T10:57:49.766+0000] {dag.py:3036} INFO - Sync 1 DAGs
[2026-05-05T10:57:49.805+0000] {logging_mixin.py:188} INFO - [2026-05-05T10:57:49.804+0000] {dag.py:3823} INFO - Setting next_dagrun for recommendation_pipeline to None, run_after=None
[2026-05-05T10:57:49.860+0000] {processor.py:183} INFO - Processing /opt/airflow/dags/recommendation_pipeline_dag.py took 0.265 seconds
[2026-05-05T10:58:20.567+0000] {processor.py:161} INFO - Started process (PID=455) to work on /opt/airflow/dags/recommendation_pipeline_dag.py
[2026-05-05T10:58:20.571+0000] {processor.py:830} INFO - Processing file /opt/airflow/dags/recommendation_pipeline_dag.py for tasks to queue
[2026-05-05T10:58:20.575+0000] {logging_mixin.py:188} INFO - [2026-05-05T10:58:20.574+0000] {dagbag.py:538} INFO - Filling up the DagBag from /opt/airflow/dags/recommendation_pipeline_dag.py
[2026-05-05T10:58:20.663+0000] {processor.py:840} INFO - DAG(s) 'recommendation_pipeline' retrieved from /opt/airflow/dags/recommendation_pipeline_dag.py
[2026-05-05T10:58:20.762+0000] {logging_mixin.py:188} INFO - [2026-05-05T10:58:20.761+0000] {dag.py:3036} INFO - Sync 1 DAGs
[2026-05-05T10:58:20.803+0000] {logging_mixin.py:188} INFO - [2026-05-05T10:58:20.803+0000] {dag.py:3823} INFO - Setting next_dagrun for recommendation_pipeline to None, run_after=None
[2026-05-05T10:58:20.859+0000] {processor.py:183} INFO - Processing /opt/airflow/dags/recommendation_pipeline_dag.py took 0.304 seconds
[2026-05-05T10:58:51.522+0000] {processor.py:161} INFO - Started process (PID=460) to work on /opt/airflow/dags/recommendation_pipeline_dag.py
[2026-05-05T10:58:51.527+0000] {processor.py:830} INFO - Processing file /opt/airflow/dags/recommendation_pipeline_dag.py for tasks to queue
[2026-05-05T10:58:51.530+0000] {logging_mixin.py:188} INFO - [2026-05-05T10:58:51.529+0000] {dagbag.py:538} INFO - Filling up the DagBag from /opt/airflow/dags/recommendation_pipeline_dag.py
[2026-05-05T10:58:51.576+0000] {processor.py:840} INFO - DAG(s) 'recommendation_pipeline' retrieved from /opt/airflow/dags/recommendation_pipeline_dag.py
[2026-05-05T10:58:51.622+0000] {logging_mixin.py:188} INFO - [2026-05-05T10:58:51.621+0000] {dag.py:3036} INFO - Sync 1 DAGs
[2026-05-05T10:58:51.651+0000] {logging_mixin.py:188} INFO - [2026-05-05T10:58:51.650+0000] {dag.py:3823} INFO - Setting next_dagrun for recommendation_pipeline to None, run_after=None
[2026-05-05T10:58:51.693+0000] {processor.py:183} INFO - Processing /opt/airflow/dags/recommendation_pipeline_dag.py took 0.187 seconds
[2026-05-05T10:59:22.516+0000] {processor.py:161} INFO - Started process (PID=465) to work on /opt/airflow/dags/recommendation_pipeline_dag.py
[2026-05-05T10:59:22.519+0000] {processor.py:830} INFO - Processing file /opt/airflow/dags/recommendation_pipeline_dag.py for tasks to queue
[2026-05-05T10:59:22.522+0000] {logging_mixin.py:188} INFO - [2026-05-05T10:59:22.521+0000] {dagbag.py:538} INFO - Filling up the DagBag from /opt/airflow/dags/recommendation_pipeline_dag.py
[2026-05-05T10:59:22.593+0000] {processor.py:840} INFO - DAG(s) 'recommendation_pipeline' retrieved from /opt/airflow/dags/recommendation_pipeline_dag.py
[2026-05-05T10:59:22.673+0000] {logging_mixin.py:188} INFO - [2026-05-05T10:59:22.672+0000] {dag.py:3036} INFO - Sync 1 DAGs
[2026-05-05T10:59:22.710+0000] {logging_mixin.py:188} INFO - [2026-05-05T10:59:22.709+0000] {dag.py:3823} INFO - Setting next_dagrun for recommendation_pipeline to None, run_after=None
[2026-05-05T10:59:22.764+0000] {processor.py:183} INFO - Processing /opt/airflow/dags/recommendation_pipeline_dag.py took 0.254 seconds
[2026-05-05T10:59:53.020+0000] {processor.py:161} INFO - Started process (PID=470) to work on /opt/airflow/dags/recommendation_pipeline_dag.py
[2026-05-05T10:59:53.026+0000] {processor.py:830} INFO - Processing file /opt/airflow/dags/recommendation_pipeline_dag.py for tasks to queue
[2026-05-05T10:59:53.031+0000] {logging_mixin.py:188} INFO - [2026-05-05T10:59:53.029+0000] {dagbag.py:538} INFO - Filling up the DagBag from /opt/airflow/dags/recommendation_pipeline_dag.py
[2026-05-05T10:59:53.128+0000] {processor.py:840} INFO - DAG(s) 'recommendation_pipeline' retrieved from /opt/airflow/dags/recommendation_pipeline_dag.py
[2026-05-05T10:59:53.249+0000] {logging_mixin.py:188} INFO - [2026-05-05T10:59:53.248+0000] {dag.py:3036} INFO - Sync 1 DAGs
[2026-05-05T10:59:53.306+0000] {logging_mixin.py:188} INFO - [2026-05-05T10:59:53.306+0000] {dag.py:3823} INFO - Setting next_dagrun for recommendation_pipeline to None, run_after=None
[2026-05-05T10:59:53.387+0000] {processor.py:183} INFO - Processing /opt/airflow/dags/recommendation_pipeline_dag.py took 0.388 seconds
[2026-05-05T11:00:23.688+0000] {processor.py:161} INFO - Started process (PID=475) to work on /opt/airflow/dags/recommendation_pipeline_dag.py
[2026-05-05T11:00:23.690+0000] {processor.py:830} INFO - Processing file /opt/airflow/dags/recommendation_pipeline_dag.py for tasks to queue
[2026-05-05T11:00:23.693+0000] {logging_mixin.py:188} INFO - [2026-05-05T11:00:23.692+0000] {dagbag.py:538} INFO - Filling up the DagBag from /opt/airflow/dags/recommendation_pipeline_dag.py
[2026-05-05T11:00:23.756+0000] {processor.py:840} INFO - DAG(s) 'recommendation_pipeline' retrieved from /opt/airflow/dags/recommendation_pipeline_dag.py
[2026-05-05T11:00:23.794+0000] {logging_mixin.py:188} INFO - [2026-05-05T11:00:23.794+0000] {dag.py:3036} INFO - Sync 1 DAGs
[2026-05-05T11:00:23.812+0000] {logging_mixin.py:188} INFO - [2026-05-05T11:00:23.812+0000] {dag.py:3823} INFO - Setting next_dagrun for recommendation_pipeline to None, run_after=None
[2026-05-05T11:00:23.863+0000] {processor.py:183} INFO - Processing /opt/airflow/dags/recommendation_pipeline_dag.py took 0.185 seconds
[2026-05-05T11:00:55.010+0000] {processor.py:161} INFO - Started process (PID=480) to work on /opt/airflow/dags/recommendation_pipeline_dag.py
[2026-05-05T11:00:55.014+0000] {processor.py:830} INFO - Processing file /opt/airflow/dags/recommendation_pipeline_dag.py for tasks to queue
[2026-05-05T11:00:55.017+0000] {logging_mixin.py:188} INFO - [2026-05-05T11:00:55.016+0000] {dagbag.py:538} INFO - Filling up the DagBag from /opt/airflow/dags/recommendation_pipeline_dag.py
[2026-05-05T11:00:55.160+0000] {processor.py:840} INFO - DAG(s) 'recommendation_pipeline' retrieved from /opt/airflow/dags/recommendation_pipeline_dag.py
[2026-05-05T11:00:55.255+0000] {logging_mixin.py:188} INFO - [2026-05-05T11:00:55.255+0000] {dag.py:3036} INFO - Sync 1 DAGs
[2026-05-05T11:00:55.285+0000] {logging_mixin.py:188} INFO - [2026-05-05T11:00:55.284+0000] {dag.py:3823} INFO - Setting next_dagrun for recommendation_pipeline to None, run_after=None
[2026-05-05T11:00:55.317+0000] {processor.py:183} INFO - Processing /opt/airflow/dags/recommendation_pipeline_dag.py took 0.317 seconds
[2026-05-05T11:01:25.904+0000] {processor.py:161} INFO - Started process (PID=485) to work on /opt/airflow/dags/recommendation_pipeline_dag.py
[2026-05-05T11:01:25.908+0000] {processor.py:830} INFO - Processing file /opt/airflow/dags/recommendation_pipeline_dag.py for tasks to queue
[2026-05-05T11:01:25.914+0000] {logging_mixin.py:188} INFO - [2026-05-05T11:01:25.912+0000] {dagbag.py:538} INFO - Filling up the DagBag from /opt/airflow/dags/recommendation_pipeline_dag.py
[2026-05-05T11:01:26.011+0000] {processor.py:840} INFO - DAG(s) 'recommendation_pipeline' retrieved from /opt/airflow/dags/recommendation_pipeline_dag.py
[2026-05-05T11:01:26.113+0000] {logging_mixin.py:188} INFO - [2026-05-05T11:01:26.113+0000] {dag.py:3036} INFO - Sync 1 DAGs
[2026-05-05T11:01:26.157+0000] {logging_mixin.py:188} INFO - [2026-05-05T11:01:26.157+0000] {dag.py:3823} INFO - Setting next_dagrun for recommendation_pipeline to None, run_after=None
[2026-05-05T11:01:26.216+0000] {processor.py:183} INFO - Processing /opt/airflow/dags/recommendation_pipeline_dag.py took 0.327 seconds
[2026-05-05T11:01:57.063+0000] {processor.py:161} INFO - Started process (PID=490) to work on /opt/airflow/dags/recommendation_pipeline_dag.py
[2026-05-05T11:01:57.066+0000] {processor.py:830} INFO - Processing file /opt/airflow/dags/recommendation_pipeline_dag.py for tasks to queue
[2026-05-05T11:01:57.069+0000] {logging_mixin.py:188} INFO - [2026-05-05T11:01:57.068+0000] {dagbag.py:538} INFO - Filling up the DagBag from /opt/airflow/dags/recommendation_pipeline_dag.py
[2026-05-05T11:01:57.158+0000] {processor.py:840} INFO - DAG(s) 'recommendation_pipeline' retrieved from /opt/airflow/dags/recommendation_pipeline_dag.py
[2026-05-05T11:01:57.244+0000] {logging_mixin.py:188} INFO - [2026-05-05T11:01:57.244+0000] {dag.py:3036} INFO - Sync 1 DAGs
[2026-05-05T11:01:57.283+0000] {logging_mixin.py:188} INFO - [2026-05-05T11:01:57.283+0000] {dag.py:3823} INFO - Setting next_dagrun for recommendation_pipeline to None, run_after=None
[2026-05-05T11:01:57.348+0000] {processor.py:183} INFO - Processing /opt/airflow/dags/recommendation_pipeline_dag.py took 0.296 seconds
[2026-05-05T11:02:28.099+0000] {processor.py:161} INFO - Started process (PID=495) to work on /opt/airflow/dags/recommendation_pipeline_dag.py
[2026-05-05T11:02:28.105+0000] {processor.py:830} INFO - Processing file /opt/airflow/dags/recommendation_pipeline_dag.py for tasks to queue
[2026-05-05T11:02:28.111+0000] {logging_mixin.py:188} INFO - [2026-05-05T11:02:28.109+0000] {dagbag.py:538} INFO - Filling up the DagBag from /opt/airflow/dags/recommendation_pipeline_dag.py
[2026-05-05T11:02:28.240+0000] {processor.py:840} INFO - DAG(s) 'recommendation_pipeline' retrieved from /opt/airflow/dags/recommendation_pipeline_dag.py
[2026-05-05T11:02:28.436+0000] {logging_mixin.py:188} INFO - [2026-05-05T11:02:28.435+0000] {dag.py:3036} INFO - Sync 1 DAGs
[2026-05-05T11:02:28.482+0000] {logging_mixin.py:188} INFO - [2026-05-05T11:02:28.481+0000] {dag.py:3823} INFO - Setting next_dagrun for recommendation_pipeline to None, run_after=None
[2026-05-05T11:02:28.541+0000] {processor.py:183} INFO - Processing /opt/airflow/dags/recommendation_pipeline_dag.py took 0.470 seconds
[2026-05-05T11:02:59.111+0000] {processor.py:161} INFO - Started process (PID=500) to work on /opt/airflow/dags/recommendation_pipeline_dag.py
[2026-05-05T11:02:59.115+0000] {processor.py:830} INFO - Processing file /opt/airflow/dags/recommendation_pipeline_dag.py for tasks to queue
[2026-05-05T11:02:59.119+0000] {logging_mixin.py:188} INFO - [2026-05-05T11:02:59.117+0000] {dagbag.py:538} INFO - Filling up the DagBag from /opt/airflow/dags/recommendation_pipeline_dag.py
[2026-05-05T11:02:59.211+0000] {processor.py:840} INFO - DAG(s) 'recommendation_pipeline' retrieved from /opt/airflow/dags/recommendation_pipeline_dag.py
[2026-05-05T11:02:59.312+0000] {logging_mixin.py:188} INFO - [2026-05-05T11:02:59.311+0000] {dag.py:3036} INFO - Sync 1 DAGs
[2026-05-05T11:02:59.352+0000] {logging_mixin.py:188} INFO - [2026-05-05T11:02:59.351+0000] {dag.py:3823} INFO - Setting next_dagrun for recommendation_pipeline to None, run_after=None
[2026-05-05T11:02:59.422+0000] {processor.py:183} INFO - Processing /opt/airflow/dags/recommendation_pipeline_dag.py took 0.324 seconds
[2026-05-05T11:03:30.267+0000] {processor.py:161} INFO - Started process (PID=505) to work on /opt/airflow/dags/recommendation_pipeline_dag.py
[2026-05-05T11:03:30.269+0000] {processor.py:830} INFO - Processing file /opt/airflow/dags/recommendation_pipeline_dag.py for tasks to queue
[2026-05-05T11:03:30.271+0000] {logging_mixin.py:188} INFO - [2026-05-05T11:03:30.270+0000] {dagbag.py:538} INFO - Filling up the DagBag from /opt/airflow/dags/recommendation_pipeline_dag.py
[2026-05-05T11:03:30.304+0000] {processor.py:840} INFO - DAG(s) 'recommendation_pipeline' retrieved from /opt/airflow/dags/recommendation_pipeline_dag.py
[2026-05-05T11:03:30.353+0000] {logging_mixin.py:188} INFO - [2026-05-05T11:03:30.353+0000] {dag.py:3036} INFO - Sync 1 DAGs
[2026-05-05T11:03:30.387+0000] {logging_mixin.py:188} INFO - [2026-05-05T11:03:30.386+0000] {dag.py:3823} INFO - Setting next_dagrun for recommendation_pipeline to None, run_after=None
[2026-05-05T11:03:30.504+0000] {processor.py:183} INFO - Processing /opt/airflow/dags/recommendation_pipeline_dag.py took 0.241 seconds
[2026-05-05T11:04:00.794+0000] {processor.py:161} INFO - Started process (PID=510) to work on /opt/airflow/dags/recommendation_pipeline_dag.py
[2026-05-05T11:04:00.797+0000] {processor.py:830} INFO - Processing file /opt/airflow/dags/recommendation_pipeline_dag.py for tasks to queue
[2026-05-05T11:04:00.800+0000] {logging_mixin.py:188} INFO - [2026-05-05T11:04:00.799+0000] {dagbag.py:538} INFO - Filling up the DagBag from /opt/airflow/dags/recommendation_pipeline_dag.py
[2026-05-05T11:04:00.871+0000] {processor.py:840} INFO - DAG(s) 'recommendation_pipeline' retrieved from /opt/airflow/dags/recommendation_pipeline_dag.py
[2026-05-05T11:04:00.951+0000] {logging_mixin.py:188} INFO - [2026-05-05T11:04:00.950+0000] {dag.py:3036} INFO - Sync 1 DAGs
[2026-05-05T11:04:00.992+0000] {logging_mixin.py:188} INFO - [2026-05-05T11:04:00.992+0000] {dag.py:3823} INFO - Setting next_dagrun for recommendation_pipeline to None, run_after=None
[2026-05-05T11:04:01.054+0000] {processor.py:183} INFO - Processing /opt/airflow/dags/recommendation_pipeline_dag.py took 0.270 seconds
[2026-05-05T11:04:31.696+0000] {processor.py:161} INFO - Started process (PID=515) to work on /opt/airflow/dags/recommendation_pipeline_dag.py
[2026-05-05T11:04:31.700+0000] {processor.py:830} INFO - Processing file /opt/airflow/dags/recommendation_pipeline_dag.py for tasks to queue
[2026-05-05T11:04:31.703+0000] {logging_mixin.py:188} INFO - [2026-05-05T11:04:31.702+0000] {dagbag.py:538} INFO - Filling up the DagBag from /opt/airflow/dags/recommendation_pipeline_dag.py
[2026-05-05T11:04:31.783+0000] {processor.py:840} INFO - DAG(s) 'recommendation_pipeline' retrieved from /opt/airflow/dags/recommendation_pipeline_dag.py
[2026-05-05T11:04:31.865+0000] {logging_mixin.py:188} INFO - [2026-05-05T11:04:31.864+0000] {dag.py:3036} INFO - Sync 1 DAGs
[2026-05-05T11:04:31.904+0000] {logging_mixin.py:188} INFO - [2026-05-05T11:04:31.903+0000] {dag.py:3823} INFO - Setting next_dagrun for recommendation_pipeline to None, run_after=None
[2026-05-05T11:04:31.974+0000] {processor.py:183} INFO - Processing /opt/airflow/dags/recommendation_pipeline_dag.py took 0.289 seconds
[2026-05-05T11:05:02.802+0000] {processor.py:161} INFO - Started process (PID=520) to work on /opt/airflow/dags/recommendation_pipeline_dag.py
[2026-05-05T11:05:02.816+0000] {processor.py:830} INFO - Processing file /opt/airflow/dags/recommendation_pipeline_dag.py for tasks to queue
[2026-05-05T11:05:02.821+0000] {logging_mixin.py:188} INFO - [2026-05-05T11:05:02.819+0000] {dagbag.py:538} INFO - Filling up the DagBag from /opt/airflow/dags/recommendation_pipeline_dag.py
[2026-05-05T11:05:02.895+0000] {processor.py:840} INFO - DAG(s) 'recommendation_pipeline' retrieved from /opt/airflow/dags/recommendation_pipeline_dag.py
[2026-05-05T11:05:02.995+0000] {logging_mixin.py:188} INFO - [2026-05-05T11:05:02.994+0000] {dag.py:3036} INFO - Sync 1 DAGs
[2026-05-05T11:05:03.042+0000] {logging_mixin.py:188} INFO - [2026-05-05T11:05:03.042+0000] {dag.py:3823} INFO - Setting next_dagrun for recommendation_pipeline to None, run_after=None
[2026-05-05T11:05:03.090+0000] {processor.py:183} INFO - Processing /opt/airflow/dags/recommendation_pipeline_dag.py took 0.331 seconds
[2026-05-05T11:05:33.921+0000] {processor.py:161} INFO - Started process (PID=525) to work on /opt/airflow/dags/recommendation_pipeline_dag.py
[2026-05-05T11:05:33.927+0000] {processor.py:830} INFO - Processing file /opt/airflow/dags/recommendation_pipeline_dag.py for tasks to queue
[2026-05-05T11:05:33.930+0000] {logging_mixin.py:188} INFO - [2026-05-05T11:05:33.929+0000] {dagbag.py:538} INFO - Filling up the DagBag from /opt/airflow/dags/recommendation_pipeline_dag.py
[2026-05-05T11:05:34.013+0000] {processor.py:840} INFO - DAG(s) 'recommendation_pipeline' retrieved from /opt/airflow/dags/recommendation_pipeline_dag.py
[2026-05-05T11:05:34.084+0000] {logging_mixin.py:188} INFO - [2026-05-05T11:05:34.083+0000] {dag.py:3036} INFO - Sync 1 DAGs
[2026-05-05T11:05:34.134+0000] {logging_mixin.py:188} INFO - [2026-05-05T11:05:34.133+0000] {dag.py:3823} INFO - Setting next_dagrun for recommendation_pipeline to None, run_after=None
[2026-05-05T11:05:34.263+0000] {processor.py:183} INFO - Processing /opt/airflow/dags/recommendation_pipeline_dag.py took 0.359 seconds
[2026-05-05T11:06:04.963+0000] {processor.py:161} INFO - Started process (PID=530) to work on /opt/airflow/dags/recommendation_pipeline_dag.py
[2026-05-05T11:06:04.970+0000] {processor.py:830} INFO - Processing file /opt/airflow/dags/recommendation_pipeline_dag.py for tasks to queue
[2026-05-05T11:06:04.976+0000] {logging_mixin.py:188} INFO - [2026-05-05T11:06:04.974+0000] {dagbag.py:538} INFO - Filling up the DagBag from /opt/airflow/dags/recommendation_pipeline_dag.py
[2026-05-05T11:06:05.102+0000] {processor.py:840} INFO - DAG(s) 'recommendation_pipeline' retrieved from /opt/airflow/dags/recommendation_pipeline_dag.py
[2026-05-05T11:06:05.220+0000] {logging_mixin.py:188} INFO - [2026-05-05T11:06:05.220+0000] {dag.py:3036} INFO - Sync 1 DAGs
[2026-05-05T11:06:05.245+0000] {logging_mixin.py:188} INFO - [2026-05-05T11:06:05.245+0000] {dag.py:3823} INFO - Setting next_dagrun for recommendation_pipeline to None, run_after=None
[2026-05-05T11:06:05.307+0000] {processor.py:183} INFO - Processing /opt/airflow/dags/recommendation_pipeline_dag.py took 0.363 seconds
[2026-05-05T11:06:36.174+0000] {processor.py:161} INFO - Started process (PID=535) to work on /opt/airflow/dags/recommendation_pipeline_dag.py
[2026-05-05T11:06:36.178+0000] {processor.py:830} INFO - Processing file /opt/airflow/dags/recommendation_pipeline_dag.py for tasks to queue
[2026-05-05T11:06:36.181+0000] {logging_mixin.py:188} INFO - [2026-05-05T11:06:36.180+0000] {dagbag.py:538} INFO - Filling up the DagBag from /opt/airflow/dags/recommendation_pipeline_dag.py
[2026-05-05T11:06:36.257+0000] {processor.py:840} INFO - DAG(s) 'recommendation_pipeline' retrieved from /opt/airflow/dags/recommendation_pipeline_dag.py
[2026-05-05T11:06:36.334+0000] {logging_mixin.py:188} INFO - [2026-05-05T11:06:36.333+0000] {dag.py:3036} INFO - Sync 1 DAGs
[2026-05-05T11:06:36.357+0000] {logging_mixin.py:188} INFO - [2026-05-05T11:06:36.356+0000] {dag.py:3823} INFO - Setting next_dagrun for recommendation_pipeline to None, run_after=None
[2026-05-05T11:06:36.410+0000] {processor.py:183} INFO - Processing /opt/airflow/dags/recommendation_pipeline_dag.py took 0.247 seconds
[2026-05-05T11:07:07.250+0000] {processor.py:161} INFO - Started process (PID=540) to work on /opt/airflow/dags/recommendation_pipeline_dag.py
[2026-05-05T11:07:07.255+0000] {processor.py:830} INFO - Processing file /opt/airflow/dags/recommendation_pipeline_dag.py for tasks to queue
[2026-05-05T11:07:07.261+0000] {logging_mixin.py:188} INFO - [2026-05-05T11:07:07.260+0000] {dagbag.py:538} INFO - Filling up the DagBag from /opt/airflow/dags/recommendation_pipeline_dag.py
[2026-05-05T11:07:07.389+0000] {processor.py:840} INFO - DAG(s) 'recommendation_pipeline' retrieved from /opt/airflow/dags/recommendation_pipeline_dag.py
[2026-05-05T11:07:07.497+0000] {logging_mixin.py:188} INFO - [2026-05-05T11:07:07.497+0000] {dag.py:3036} INFO - Sync 1 DAGs
[2026-05-05T11:07:07.535+0000] {logging_mixin.py:188} INFO - [2026-05-05T11:07:07.534+0000] {dag.py:3823} INFO - Setting next_dagrun for recommendation_pipeline to None, run_after=None
[2026-05-05T11:07:07.584+0000] {processor.py:183} INFO - Processing /opt/airflow/dags/recommendation_pipeline_dag.py took 0.354 seconds
[2026-05-05T11:07:37.954+0000] {processor.py:161} INFO - Started process (PID=545) to work on /opt/airflow/dags/recommendation_pipeline_dag.py
[2026-05-05T11:07:37.958+0000] {processor.py:830} INFO - Processing file /opt/airflow/dags/recommendation_pipeline_dag.py for tasks to queue
[2026-05-05T11:07:37.961+0000] {logging_mixin.py:188} INFO - [2026-05-05T11:07:37.960+0000] {dagbag.py:538} INFO - Filling up the DagBag from /opt/airflow/dags/recommendation_pipeline_dag.py
[2026-05-05T11:07:38.042+0000] {processor.py:840} INFO - DAG(s) 'recommendation_pipeline' retrieved from /opt/airflow/dags/recommendation_pipeline_dag.py
[2026-05-05T11:07:38.103+0000] {logging_mixin.py:188} INFO - [2026-05-05T11:07:38.102+0000] {dag.py:3036} INFO - Sync 1 DAGs
[2026-05-05T11:07:38.121+0000] {logging_mixin.py:188} INFO - [2026-05-05T11:07:38.121+0000] {dag.py:3823} INFO - Setting next_dagrun for recommendation_pipeline to None, run_after=None
[2026-05-05T11:07:38.173+0000] {processor.py:183} INFO - Processing /opt/airflow/dags/recommendation_pipeline_dag.py took 0.266 seconds
[2026-05-05T11:08:08.827+0000] {processor.py:161} INFO - Started process (PID=550) to work on /opt/airflow/dags/recommendation_pipeline_dag.py
[2026-05-05T11:08:08.833+0000] {processor.py:830} INFO - Processing file /opt/airflow/dags/recommendation_pipeline_dag.py for tasks to queue
[2026-05-05T11:08:08.839+0000] {logging_mixin.py:188} INFO - [2026-05-05T11:08:08.838+0000] {dagbag.py:538} INFO - Filling up the DagBag from /opt/airflow/dags/recommendation_pipeline_dag.py
[2026-05-05T11:08:08.979+0000] {processor.py:840} INFO - DAG(s) 'recommendation_pipeline' retrieved from /opt/airflow/dags/recommendation_pipeline_dag.py
[2026-05-05T11:08:09.068+0000] {logging_mixin.py:188} INFO - [2026-05-05T11:08:09.067+0000] {dag.py:3036} INFO - Sync 1 DAGs
[2026-05-05T11:08:09.106+0000] {logging_mixin.py:188} INFO - [2026-05-05T11:08:09.106+0000] {dag.py:3823} INFO - Setting next_dagrun for recommendation_pipeline to None, run_after=None
[2026-05-05T11:08:09.163+0000] {processor.py:183} INFO - Processing /opt/airflow/dags/recommendation_pipeline_dag.py took 0.353 seconds
[2026-05-05T11:08:40.075+0000] {processor.py:161} INFO - Started process (PID=555) to work on /opt/airflow/dags/recommendation_pipeline_dag.py
[2026-05-05T11:08:40.081+0000] {processor.py:830} INFO - Processing file /opt/airflow/dags/recommendation_pipeline_dag.py for tasks to queue
[2026-05-05T11:08:40.087+0000] {logging_mixin.py:188} INFO - [2026-05-05T11:08:40.085+0000] {dagbag.py:538} INFO - Filling up the DagBag from /opt/airflow/dags/recommendation_pipeline_dag.py
[2026-05-05T11:08:40.221+0000] {processor.py:840} INFO - DAG(s) 'recommendation_pipeline' retrieved from /opt/airflow/dags/recommendation_pipeline_dag.py
[2026-05-05T11:08:40.371+0000] {logging_mixin.py:188} INFO - [2026-05-05T11:08:40.369+0000] {dag.py:3036} INFO - Sync 1 DAGs
[2026-05-05T11:08:40.454+0000] {logging_mixin.py:188} INFO - [2026-05-05T11:08:40.453+0000] {dag.py:3823} INFO - Setting next_dagrun for recommendation_pipeline to None, run_after=None
[2026-05-05T11:08:40.559+0000] {processor.py:183} INFO - Processing /opt/airflow/dags/recommendation_pipeline_dag.py took 0.501 seconds
[2026-05-05T11:09:10.903+0000] {processor.py:161} INFO - Started process (PID=560) to work on /opt/airflow/dags/recommendation_pipeline_dag.py
[2026-05-05T11:09:10.906+0000] {processor.py:830} INFO - Processing file /opt/airflow/dags/recommendation_pipeline_dag.py for tasks to queue
[2026-05-05T11:09:10.908+0000] {logging_mixin.py:188} INFO - [2026-05-05T11:09:10.908+0000] {dagbag.py:538} INFO - Filling up the DagBag from /opt/airflow/dags/recommendation_pipeline_dag.py
[2026-05-05T11:09:10.978+0000] {processor.py:840} INFO - DAG(s) 'recommendation_pipeline' retrieved from /opt/airflow/dags/recommendation_pipeline_dag.py
[2026-05-05T11:09:11.038+0000] {logging_mixin.py:188} INFO - [2026-05-05T11:09:11.038+0000] {dag.py:3036} INFO - Sync 1 DAGs
[2026-05-05T11:09:11.088+0000] {logging_mixin.py:188} INFO - [2026-05-05T11:09:11.087+0000] {dag.py:3823} INFO - Setting next_dagrun for recommendation_pipeline to None, run_after=None
[2026-05-05T11:09:11.203+0000] {processor.py:183} INFO - Processing /opt/airflow/dags/recommendation_pipeline_dag.py took 0.310 seconds
[2026-05-05T11:09:41.815+0000] {processor.py:161} INFO - Started process (PID=565) to work on /opt/airflow/dags/recommendation_pipeline_dag.py
[2026-05-05T11:09:41.818+0000] {processor.py:830} INFO - Processing file /opt/airflow/dags/recommendation_pipeline_dag.py for tasks to queue
[2026-05-05T11:09:41.820+0000] {logging_mixin.py:188} INFO - [2026-05-05T11:09:41.819+0000] {dagbag.py:538} INFO - Filling up the DagBag from /opt/airflow/dags/recommendation_pipeline_dag.py
[2026-05-05T11:09:41.864+0000] {processor.py:840} INFO - DAG(s) 'recommendation_pipeline' retrieved from /opt/airflow/dags/recommendation_pipeline_dag.py
[2026-05-05T11:09:41.912+0000] {logging_mixin.py:188} INFO - [2026-05-05T11:09:41.912+0000] {dag.py:3036} INFO - Sync 1 DAGs
[2026-05-05T11:09:41.958+0000] {logging_mixin.py:188} INFO - [2026-05-05T11:09:41.957+0000] {dag.py:3823} INFO - Setting next_dagrun for recommendation_pipeline to None, run_after=None
[2026-05-05T11:09:42.024+0000] {processor.py:183} INFO - Processing /opt/airflow/dags/recommendation_pipeline_dag.py took 0.217 seconds
[2026-05-05T11:10:12.815+0000] {processor.py:161} INFO - Started process (PID=570) to work on /opt/airflow/dags/recommendation_pipeline_dag.py
[2026-05-05T11:10:12.820+0000] {processor.py:830} INFO - Processing file /opt/airflow/dags/recommendation_pipeline_dag.py for tasks to queue
[2026-05-05T11:10:12.824+0000] {logging_mixin.py:188} INFO - [2026-05-05T11:10:12.822+0000] {dagbag.py:538} INFO - Filling up the DagBag from /opt/airflow/dags/recommendation_pipeline_dag.py
[2026-05-05T11:10:12.902+0000] {processor.py:840} INFO - DAG(s) 'recommendation_pipeline' retrieved from /opt/airflow/dags/recommendation_pipeline_dag.py
[2026-05-05T11:10:12.988+0000] {logging_mixin.py:188} INFO - [2026-05-05T11:10:12.987+0000] {dag.py:3036} INFO - Sync 1 DAGs
[2026-05-05T11:10:13.026+0000] {logging_mixin.py:188} INFO - [2026-05-05T11:10:13.025+0000] {dag.py:3823} INFO - Setting next_dagrun for recommendation_pipeline to None, run_after=None
[2026-05-05T11:10:13.087+0000] {processor.py:183} INFO - Processing /opt/airflow/dags/recommendation_pipeline_dag.py took 0.293 seconds
[2026-05-05T11:10:43.862+0000] {processor.py:161} INFO - Started process (PID=575) to work on /opt/airflow/dags/recommendation_pipeline_dag.py
[2026-05-05T11:10:43.867+0000] {processor.py:830} INFO - Processing file /opt/airflow/dags/recommendation_pipeline_dag.py for tasks to queue
[2026-05-05T11:10:43.870+0000] {logging_mixin.py:188} INFO - [2026-05-05T11:10:43.869+0000] {dagbag.py:538} INFO - Filling up the DagBag from /opt/airflow/dags/recommendation_pipeline_dag.py
[2026-05-05T11:10:43.955+0000] {processor.py:840} INFO - DAG(s) 'recommendation_pipeline' retrieved from /opt/airflow/dags/recommendation_pipeline_dag.py
[2026-05-05T11:10:44.041+0000] {logging_mixin.py:188} INFO - [2026-05-05T11:10:44.040+0000] {dag.py:3036} INFO - Sync 1 DAGs
[2026-05-05T11:10:44.082+0000] {logging_mixin.py:188} INFO - [2026-05-05T11:10:44.081+0000] {dag.py:3823} INFO - Setting next_dagrun for recommendation_pipeline to None, run_after=None
[2026-05-05T11:10:44.158+0000] {processor.py:183} INFO - Processing /opt/airflow/dags/recommendation_pipeline_dag.py took 0.308 seconds
[2026-05-05T11:11:14.919+0000] {processor.py:161} INFO - Started process (PID=580) to work on /opt/airflow/dags/recommendation_pipeline_dag.py
[2026-05-05T11:11:14.921+0000] {processor.py:830} INFO - Processing file /opt/airflow/dags/recommendation_pipeline_dag.py for tasks to queue
[2026-05-05T11:11:14.922+0000] {logging_mixin.py:188} INFO - [2026-05-05T11:11:14.922+0000] {dagbag.py:538} INFO - Filling up the DagBag from /opt/airflow/dags/recommendation_pipeline_dag.py
[2026-05-05T11:11:14.960+0000] {processor.py:840} INFO - DAG(s) 'recommendation_pipeline' retrieved from /opt/airflow/dags/recommendation_pipeline_dag.py
[2026-05-05T11:11:15.804+0000] {logging_mixin.py:188} INFO - [2026-05-05T11:11:15.803+0000] {dag.py:3036} INFO - Sync 1 DAGs
[2026-05-05T11:11:15.826+0000] {logging_mixin.py:188} INFO - [2026-05-05T11:11:15.826+0000] {dag.py:3823} INFO - Setting next_dagrun for recommendation_pipeline to None, run_after=None
[2026-05-05T11:11:12.356+0000] {processor.py:183} INFO - Processing /opt/airflow/dags/recommendation_pipeline_dag.py took 0.178 seconds
[2026-05-05T11:11:43.300+0000] {processor.py:161} INFO - Started process (PID=585) to work on /opt/airflow/dags/recommendation_pipeline_dag.py
[2026-05-05T11:11:43.304+0000] {processor.py:830} INFO - Processing file /opt/airflow/dags/recommendation_pipeline_dag.py for tasks to queue
[2026-05-05T11:11:43.307+0000] {logging_mixin.py:188} INFO - [2026-05-05T11:11:43.306+0000] {dagbag.py:538} INFO - Filling up the DagBag from /opt/airflow/dags/recommendation_pipeline_dag.py
[2026-05-05T11:11:43.383+0000] {processor.py:840} INFO - DAG(s) 'recommendation_pipeline' retrieved from /opt/airflow/dags/recommendation_pipeline_dag.py
[2026-05-05T11:11:43.453+0000] {logging_mixin.py:188} INFO - [2026-05-05T11:11:43.452+0000] {dag.py:3036} INFO - Sync 1 DAGs
[2026-05-05T11:11:43.476+0000] {logging_mixin.py:188} INFO - [2026-05-05T11:11:43.475+0000] {dag.py:3823} INFO - Setting next_dagrun for recommendation_pipeline to None, run_after=None
[2026-05-05T11:11:43.512+0000] {processor.py:183} INFO - Processing /opt/airflow/dags/recommendation_pipeline_dag.py took 0.222 seconds
[2026-05-05T11:12:14.232+0000] {processor.py:161} INFO - Started process (PID=590) to work on /opt/airflow/dags/recommendation_pipeline_dag.py
[2026-05-05T11:12:14.236+0000] {processor.py:830} INFO - Processing file /opt/airflow/dags/recommendation_pipeline_dag.py for tasks to queue
[2026-05-05T11:12:14.240+0000] {logging_mixin.py:188} INFO - [2026-05-05T11:12:14.239+0000] {dagbag.py:538} INFO - Filling up the DagBag from /opt/airflow/dags/recommendation_pipeline_dag.py
[2026-05-05T11:12:14.326+0000] {processor.py:840} INFO - DAG(s) 'recommendation_pipeline' retrieved from /opt/airflow/dags/recommendation_pipeline_dag.py
[2026-05-05T11:12:14.423+0000] {logging_mixin.py:188} INFO - [2026-05-05T11:12:14.422+0000] {dag.py:3036} INFO - Sync 1 DAGs
[2026-05-05T11:12:14.470+0000] {logging_mixin.py:188} INFO - [2026-05-05T11:12:14.469+0000] {dag.py:3823} INFO - Setting next_dagrun for recommendation_pipeline to None, run_after=None
[2026-05-05T11:12:14.526+0000] {processor.py:183} INFO - Processing /opt/airflow/dags/recommendation_pipeline_dag.py took 0.304 seconds
[2026-05-05T11:12:45.457+0000] {processor.py:161} INFO - Started process (PID=595) to work on /opt/airflow/dags/recommendation_pipeline_dag.py
[2026-05-05T11:12:45.460+0000] {processor.py:830} INFO - Processing file /opt/airflow/dags/recommendation_pipeline_dag.py for tasks to queue
[2026-05-05T11:12:45.463+0000] {logging_mixin.py:188} INFO - [2026-05-05T11:12:45.462+0000] {dagbag.py:538} INFO - Filling up the DagBag from /opt/airflow/dags/recommendation_pipeline_dag.py
[2026-05-05T11:12:45.547+0000] {processor.py:840} INFO - DAG(s) 'recommendation_pipeline' retrieved from /opt/airflow/dags/recommendation_pipeline_dag.py
[2026-05-05T11:12:45.660+0000] {logging_mixin.py:188} INFO - [2026-05-05T11:12:45.659+0000] {dag.py:3036} INFO - Sync 1 DAGs
[2026-05-05T11:12:45.714+0000] {logging_mixin.py:188} INFO - [2026-05-05T11:12:45.713+0000] {dag.py:3823} INFO - Setting next_dagrun for recommendation_pipeline to None, run_after=None
[2026-05-05T11:12:45.799+0000] {processor.py:183} INFO - Processing /opt/airflow/dags/recommendation_pipeline_dag.py took 0.351 seconds
[2026-05-05T11:13:16.605+0000] {processor.py:161} INFO - Started process (PID=600) to work on /opt/airflow/dags/recommendation_pipeline_dag.py
[2026-05-05T11:13:16.608+0000] {processor.py:830} INFO - Processing file /opt/airflow/dags/recommendation_pipeline_dag.py for tasks to queue
[2026-05-05T11:13:16.612+0000] {logging_mixin.py:188} INFO - [2026-05-05T11:13:16.611+0000] {dagbag.py:538} INFO - Filling up the DagBag from /opt/airflow/dags/recommendation_pipeline_dag.py
[2026-05-05T11:13:16.714+0000] {processor.py:840} INFO - DAG(s) 'recommendation_pipeline' retrieved from /opt/airflow/dags/recommendation_pipeline_dag.py
[2026-05-05T11:13:16.805+0000] {logging_mixin.py:188} INFO - [2026-05-05T11:13:16.805+0000] {dag.py:3036} INFO - Sync 1 DAGs
[2026-05-05T11:13:16.834+0000] {logging_mixin.py:188} INFO - [2026-05-05T11:13:16.833+0000] {dag.py:3823} INFO - Setting next_dagrun for recommendation_pipeline to None, run_after=None
[2026-05-05T11:13:16.876+0000] {processor.py:183} INFO - Processing /opt/airflow/dags/recommendation_pipeline_dag.py took 0.281 seconds
[2026-05-05T11:13:47.985+0000] {processor.py:161} INFO - Started process (PID=605) to work on /opt/airflow/dags/recommendation_pipeline_dag.py
[2026-05-05T11:13:47.991+0000] {processor.py:830} INFO - Processing file /opt/airflow/dags/recommendation_pipeline_dag.py for tasks to queue
[2026-05-05T11:13:47.996+0000] {logging_mixin.py:188} INFO - [2026-05-05T11:13:47.995+0000] {dagbag.py:538} INFO - Filling up the DagBag from /opt/airflow/dags/recommendation_pipeline_dag.py
[2026-05-05T11:13:48.123+0000] {processor.py:840} INFO - DAG(s) 'recommendation_pipeline' retrieved from /opt/airflow/dags/recommendation_pipeline_dag.py
[2026-05-05T11:13:48.239+0000] {logging_mixin.py:188} INFO - [2026-05-05T11:13:48.238+0000] {dag.py:3036} INFO - Sync 1 DAGs
[2026-05-05T11:13:48.294+0000] {logging_mixin.py:188} INFO - [2026-05-05T11:13:48.293+0000] {dag.py:3823} INFO - Setting next_dagrun for recommendation_pipeline to None, run_after=None
[2026-05-05T11:13:48.372+0000] {processor.py:183} INFO - Processing /opt/airflow/dags/recommendation_pipeline_dag.py took 0.405 seconds
[2026-05-05T11:14:18.854+0000] {processor.py:161} INFO - Started process (PID=610) to work on /opt/airflow/dags/recommendation_pipeline_dag.py
[2026-05-05T11:14:18.858+0000] {processor.py:830} INFO - Processing file /opt/airflow/dags/recommendation_pipeline_dag.py for tasks to queue
[2026-05-05T11:14:18.862+0000] {logging_mixin.py:188} INFO - [2026-05-05T11:14:18.861+0000] {dagbag.py:538} INFO - Filling up the DagBag from /opt/airflow/dags/recommendation_pipeline_dag.py
[2026-05-05T11:14:18.946+0000] {processor.py:840} INFO - DAG(s) 'recommendation_pipeline' retrieved from /opt/airflow/dags/recommendation_pipeline_dag.py
[2026-05-05T11:14:19.042+0000] {logging_mixin.py:188} INFO - [2026-05-05T11:14:19.041+0000] {dag.py:3036} INFO - Sync 1 DAGs
[2026-05-05T11:14:19.087+0000] {logging_mixin.py:188} INFO - [2026-05-05T11:14:19.086+0000] {dag.py:3823} INFO - Setting next_dagrun for recommendation_pipeline to None, run_after=None
[2026-05-05T11:14:19.174+0000] {processor.py:183} INFO - Processing /opt/airflow/dags/recommendation_pipeline_dag.py took 0.333 seconds
[2026-05-05T11:14:36.648+0000] {processor.py:161} INFO - Started process (PID=615) to work on /opt/airflow/dags/recommendation_pipeline_dag.py
[2026-05-05T11:14:36.652+0000] {processor.py:830} INFO - Processing file /opt/airflow/dags/recommendation_pipeline_dag.py for tasks to queue
[2026-05-05T11:14:36.655+0000] {logging_mixin.py:188} INFO - [2026-05-05T11:14:36.654+0000] {dagbag.py:538} INFO - Filling up the DagBag from /opt/airflow/dags/recommendation_pipeline_dag.py
[2026-05-05T11:14:36.726+0000] {processor.py:840} INFO - DAG(s) 'recommendation_pipeline' retrieved from /opt/airflow/dags/recommendation_pipeline_dag.py
[2026-05-05T11:14:37.143+0000] {logging_mixin.py:188} INFO - [2026-05-05T11:14:37.142+0000] {dag.py:3036} INFO - Sync 1 DAGs
[2026-05-05T11:14:37.172+0000] {logging_mixin.py:188} INFO - [2026-05-05T11:14:37.172+0000] {dag.py:3823} INFO - Setting next_dagrun for recommendation_pipeline to None, run_after=None
[2026-05-05T11:14:37.217+0000] {processor.py:183} INFO - Processing /opt/airflow/dags/recommendation_pipeline_dag.py took 0.580 seconds
[2026-05-05T11:14:37.299+0000] {processor.py:161} INFO - Started process (PID=620) to work on /opt/airflow/dags/recommendation_pipeline_dag.py
[2026-05-05T11:14:37.301+0000] {processor.py:830} INFO - Processing file /opt/airflow/dags/recommendation_pipeline_dag.py for tasks to queue
[2026-05-05T11:14:37.303+0000] {logging_mixin.py:188} INFO - [2026-05-05T11:14:37.302+0000] {dagbag.py:538} INFO - Filling up the DagBag from /opt/airflow/dags/recommendation_pipeline_dag.py
[2026-05-05T11:14:37.344+0000] {processor.py:840} INFO - DAG(s) 'recommendation_pipeline' retrieved from /opt/airflow/dags/recommendation_pipeline_dag.py
[2026-05-05T11:14:37.363+0000] {logging_mixin.py:188} INFO - [2026-05-05T11:14:37.362+0000] {dag.py:3036} INFO - Sync 1 DAGs
[2026-05-05T11:14:37.388+0000] {logging_mixin.py:188} INFO - [2026-05-05T11:14:37.387+0000] {dag.py:3823} INFO - Setting next_dagrun for recommendation_pipeline to None, run_after=None
[2026-05-05T11:14:37.433+0000] {processor.py:183} INFO - Processing /opt/airflow/dags/recommendation_pipeline_dag.py took 0.139 seconds
[2026-05-05T11:14:37.647+0000] {processor.py:161} INFO - Started process (PID=625) to work on /opt/airflow/dags/recommendation_pipeline_dag.py
[2026-05-05T11:14:37.654+0000] {processor.py:830} INFO - Processing file /opt/airflow/dags/recommendation_pipeline_dag.py for tasks to queue
[2026-05-05T11:14:37.661+0000] {logging_mixin.py:188} INFO - [2026-05-05T11:14:37.660+0000] {dagbag.py:538} INFO - Filling up the DagBag from /opt/airflow/dags/recommendation_pipeline_dag.py
[2026-05-05T11:14:37.804+0000] {processor.py:840} INFO - DAG(s) 'recommendation_pipeline' retrieved from /opt/airflow/dags/recommendation_pipeline_dag.py
[2026-05-05T11:14:37.831+0000] {logging_mixin.py:188} INFO - [2026-05-05T11:14:37.831+0000] {dag.py:3036} INFO - Sync 1 DAGs
[2026-05-05T11:14:37.860+0000] {logging_mixin.py:188} INFO - [2026-05-05T11:14:37.860+0000] {dag.py:3823} INFO - Setting next_dagrun for recommendation_pipeline to None, run_after=None
[2026-05-05T11:14:37.905+0000] {processor.py:183} INFO - Processing /opt/airflow/dags/recommendation_pipeline_dag.py took 0.281 seconds
[2026-05-05T11:14:38.014+0000] {processor.py:161} INFO - Started process (PID=630) to work on /opt/airflow/dags/recommendation_pipeline_dag.py
[2026-05-05T11:14:38.017+0000] {processor.py:830} INFO - Processing file /opt/airflow/dags/recommendation_pipeline_dag.py for tasks to queue
[2026-05-05T11:14:38.020+0000] {logging_mixin.py:188} INFO - [2026-05-05T11:14:38.019+0000] {dagbag.py:538} INFO - Filling up the DagBag from /opt/airflow/dags/recommendation_pipeline_dag.py
[2026-05-05T11:14:38.080+0000] {processor.py:840} INFO - DAG(s) 'recommendation_pipeline' retrieved from /opt/airflow/dags/recommendation_pipeline_dag.py
[2026-05-05T11:14:38.110+0000] {logging_mixin.py:188} INFO - [2026-05-05T11:14:38.109+0000] {dag.py:3036} INFO - Sync 1 DAGs
[2026-05-05T11:14:38.142+0000] {logging_mixin.py:188} INFO - [2026-05-05T11:14:38.142+0000] {dag.py:3823} INFO - Setting next_dagrun for recommendation_pipeline to None, run_after=None
[2026-05-05T11:14:38.195+0000] {processor.py:183} INFO - Processing /opt/airflow/dags/recommendation_pipeline_dag.py took 0.188 seconds
[2026-05-05T11:14:38.311+0000] {processor.py:161} INFO - Started process (PID=635) to work on /opt/airflow/dags/recommendation_pipeline_dag.py
[2026-05-05T11:14:38.315+0000] {processor.py:830} INFO - Processing file /opt/airflow/dags/recommendation_pipeline_dag.py for tasks to queue
[2026-05-05T11:14:38.318+0000] {logging_mixin.py:188} INFO - [2026-05-05T11:14:38.317+0000] {dagbag.py:538} INFO - Filling up the DagBag from /opt/airflow/dags/recommendation_pipeline_dag.py
[2026-05-05T11:14:38.383+0000] {processor.py:840} INFO - DAG(s) 'recommendation_pipeline' retrieved from /opt/airflow/dags/recommendation_pipeline_dag.py
[2026-05-05T11:14:38.413+0000] {logging_mixin.py:188} INFO - [2026-05-05T11:14:38.412+0000] {dag.py:3036} INFO - Sync 1 DAGs
[2026-05-05T11:14:38.446+0000] {logging_mixin.py:188} INFO - [2026-05-05T11:14:38.446+0000] {dag.py:3823} INFO - Setting next_dagrun for recommendation_pipeline to None, run_after=None
[2026-05-05T11:14:38.540+0000] {processor.py:183} INFO - Processing /opt/airflow/dags/recommendation_pipeline_dag.py took 0.238 seconds
[2026-05-05T11:15:09.393+0000] {processor.py:161} INFO - Started process (PID=640) to work on /opt/airflow/dags/recommendation_pipeline_dag.py
[2026-05-05T11:15:09.401+0000] {processor.py:830} INFO - Processing file /opt/airflow/dags/recommendation_pipeline_dag.py for tasks to queue
[2026-05-05T11:15:09.407+0000] {logging_mixin.py:188} INFO - [2026-05-05T11:15:09.406+0000] {dagbag.py:538} INFO - Filling up the DagBag from /opt/airflow/dags/recommendation_pipeline_dag.py
[2026-05-05T11:15:09.622+0000] {processor.py:840} INFO - DAG(s) 'recommendation_pipeline' retrieved from /opt/airflow/dags/recommendation_pipeline_dag.py
[2026-05-05T11:15:09.697+0000] {logging_mixin.py:188} INFO - [2026-05-05T11:15:09.697+0000] {dag.py:3036} INFO - Sync 1 DAGs
[2026-05-05T11:15:09.724+0000] {logging_mixin.py:188} INFO - [2026-05-05T11:15:09.724+0000] {dag.py:3823} INFO - Setting next_dagrun for recommendation_pipeline to None, run_after=None
[2026-05-05T11:15:09.754+0000] {processor.py:183} INFO - Processing /opt/airflow/dags/recommendation_pipeline_dag.py took 0.381 seconds
[2026-05-05T11:15:35.668+0000] {processor.py:161} INFO - Started process (PID=171) to work on /opt/airflow/dags/recommendation_pipeline_dag.py
[2026-05-05T11:15:35.673+0000] {processor.py:830} INFO - Processing file /opt/airflow/dags/recommendation_pipeline_dag.py for tasks to queue
[2026-05-05T11:15:35.676+0000] {logging_mixin.py:188} INFO - [2026-05-05T11:15:35.675+0000] {dagbag.py:538} INFO - Filling up the DagBag from /opt/airflow/dags/recommendation_pipeline_dag.py
[2026-05-05T11:15:35.727+0000] {processor.py:840} INFO - DAG(s) 'recommendation_pipeline' retrieved from /opt/airflow/dags/recommendation_pipeline_dag.py
[2026-05-05T11:15:35.839+0000] {logging_mixin.py:188} INFO - [2026-05-05T11:15:35.839+0000] {dag.py:3036} INFO - Sync 1 DAGs
[2026-05-05T11:15:35.887+0000] {logging_mixin.py:188} INFO - [2026-05-05T11:15:35.886+0000] {dag.py:3823} INFO - Setting next_dagrun for recommendation_pipeline to None, run_after=None
[2026-05-05T11:15:35.983+0000] {processor.py:183} INFO - Processing /opt/airflow/dags/recommendation_pipeline_dag.py took 0.323 seconds
[2026-05-05T11:16:06.937+0000] {processor.py:161} INFO - Started process (PID=176) to work on /opt/airflow/dags/recommendation_pipeline_dag.py
[2026-05-05T11:16:06.944+0000] {processor.py:830} INFO - Processing file /opt/airflow/dags/recommendation_pipeline_dag.py for tasks to queue
[2026-05-05T11:16:06.952+0000] {logging_mixin.py:188} INFO - [2026-05-05T11:16:06.950+0000] {dagbag.py:538} INFO - Filling up the DagBag from /opt/airflow/dags/recommendation_pipeline_dag.py
[2026-05-05T11:16:07.126+0000] {processor.py:840} INFO - DAG(s) 'recommendation_pipeline' retrieved from /opt/airflow/dags/recommendation_pipeline_dag.py
[2026-05-05T11:16:07.215+0000] {logging_mixin.py:188} INFO - [2026-05-05T11:16:07.215+0000] {dag.py:3036} INFO - Sync 1 DAGs
[2026-05-05T11:16:07.237+0000] {logging_mixin.py:188} INFO - [2026-05-05T11:16:07.236+0000] {dag.py:3823} INFO - Setting next_dagrun for recommendation_pipeline to None, run_after=None
[2026-05-05T11:16:07.276+0000] {processor.py:183} INFO - Processing /opt/airflow/dags/recommendation_pipeline_dag.py took 0.366 seconds
[2026-05-05T11:16:37.906+0000] {processor.py:161} INFO - Started process (PID=181) to work on /opt/airflow/dags/recommendation_pipeline_dag.py
[2026-05-05T11:16:37.911+0000] {processor.py:830} INFO - Processing file /opt/airflow/dags/recommendation_pipeline_dag.py for tasks to queue
[2026-05-05T11:16:37.914+0000] {logging_mixin.py:188} INFO - [2026-05-05T11:16:37.913+0000] {dagbag.py:538} INFO - Filling up the DagBag from /opt/airflow/dags/recommendation_pipeline_dag.py
[2026-05-05T11:16:37.994+0000] {processor.py:840} INFO - DAG(s) 'recommendation_pipeline' retrieved from /opt/airflow/dags/recommendation_pipeline_dag.py
[2026-05-05T11:16:38.089+0000] {logging_mixin.py:188} INFO - [2026-05-05T11:16:38.089+0000] {dag.py:3036} INFO - Sync 1 DAGs
[2026-05-05T11:16:38.133+0000] {logging_mixin.py:188} INFO - [2026-05-05T11:16:38.132+0000] {dag.py:3823} INFO - Setting next_dagrun for recommendation_pipeline to None, run_after=None
[2026-05-05T11:16:38.211+0000] {processor.py:183} INFO - Processing /opt/airflow/dags/recommendation_pipeline_dag.py took 0.316 seconds
[2026-05-05T11:17:08.948+0000] {processor.py:161} INFO - Started process (PID=186) to work on /opt/airflow/dags/recommendation_pipeline_dag.py
[2026-05-05T11:17:08.952+0000] {processor.py:830} INFO - Processing file /opt/airflow/dags/recommendation_pipeline_dag.py for tasks to queue
[2026-05-05T11:17:08.955+0000] {logging_mixin.py:188} INFO - [2026-05-05T11:17:08.955+0000] {dagbag.py:538} INFO - Filling up the DagBag from /opt/airflow/dags/recommendation_pipeline_dag.py
[2026-05-05T11:17:09.048+0000] {processor.py:840} INFO - DAG(s) 'recommendation_pipeline' retrieved from /opt/airflow/dags/recommendation_pipeline_dag.py
[2026-05-05T11:17:09.163+0000] {logging_mixin.py:188} INFO - [2026-05-05T11:17:09.162+0000] {dag.py:3036} INFO - Sync 1 DAGs
[2026-05-05T11:17:09.211+0000] {logging_mixin.py:188} INFO - [2026-05-05T11:17:09.211+0000] {dag.py:3823} INFO - Setting next_dagrun for recommendation_pipeline to None, run_after=None
[2026-05-05T11:17:09.290+0000] {processor.py:183} INFO - Processing /opt/airflow/dags/recommendation_pipeline_dag.py took 0.356 seconds
[2026-05-05T11:17:39.622+0000] {processor.py:161} INFO - Started process (PID=251) to work on /opt/airflow/dags/recommendation_pipeline_dag.py
[2026-05-05T11:17:39.636+0000] {processor.py:830} INFO - Processing file /opt/airflow/dags/recommendation_pipeline_dag.py for tasks to queue
[2026-05-05T11:17:39.645+0000] {logging_mixin.py:188} INFO - [2026-05-05T11:17:39.642+0000] {dagbag.py:538} INFO - Filling up the DagBag from /opt/airflow/dags/recommendation_pipeline_dag.py
[2026-05-05T11:17:39.759+0000] {processor.py:840} INFO - DAG(s) 'recommendation_pipeline' retrieved from /opt/airflow/dags/recommendation_pipeline_dag.py
[2026-05-05T11:17:39.859+0000] {logging_mixin.py:188} INFO - [2026-05-05T11:17:39.858+0000] {dag.py:3036} INFO - Sync 1 DAGs
[2026-05-05T11:17:39.909+0000] {logging_mixin.py:188} INFO - [2026-05-05T11:17:39.908+0000] {dag.py:3823} INFO - Setting next_dagrun for recommendation_pipeline to None, run_after=None
[2026-05-05T11:17:39.980+0000] {processor.py:183} INFO - Processing /opt/airflow/dags/recommendation_pipeline_dag.py took 0.402 seconds
[2026-05-05T11:18:10.282+0000] {processor.py:161} INFO - Started process (PID=256) to work on /opt/airflow/dags/recommendation_pipeline_dag.py
[2026-05-05T11:18:10.284+0000] {processor.py:830} INFO - Processing file /opt/airflow/dags/recommendation_pipeline_dag.py for tasks to queue
[2026-05-05T11:18:10.288+0000] {logging_mixin.py:188} INFO - [2026-05-05T11:18:10.287+0000] {dagbag.py:538} INFO - Filling up the DagBag from /opt/airflow/dags/recommendation_pipeline_dag.py
[2026-05-05T11:18:10.332+0000] {processor.py:840} INFO - DAG(s) 'recommendation_pipeline' retrieved from /opt/airflow/dags/recommendation_pipeline_dag.py
[2026-05-05T11:18:10.384+0000] {logging_mixin.py:188} INFO - [2026-05-05T11:18:10.384+0000] {dag.py:3036} INFO - Sync 1 DAGs
[2026-05-05T11:18:10.406+0000] {logging_mixin.py:188} INFO - [2026-05-05T11:18:10.406+0000] {dag.py:3823} INFO - Setting next_dagrun for recommendation_pipeline to None, run_after=None
[2026-05-05T11:18:10.449+0000] {processor.py:183} INFO - Processing /opt/airflow/dags/recommendation_pipeline_dag.py took 0.178 seconds
[2026-05-05T11:18:41.057+0000] {processor.py:161} INFO - Started process (PID=265) to work on /opt/airflow/dags/recommendation_pipeline_dag.py
[2026-05-05T11:18:41.060+0000] {processor.py:830} INFO - Processing file /opt/airflow/dags/recommendation_pipeline_dag.py for tasks to queue
[2026-05-05T11:18:41.062+0000] {logging_mixin.py:188} INFO - [2026-05-05T11:18:41.061+0000] {dagbag.py:538} INFO - Filling up the DagBag from /opt/airflow/dags/recommendation_pipeline_dag.py
[2026-05-05T11:18:41.109+0000] {processor.py:840} INFO - DAG(s) 'recommendation_pipeline' retrieved from /opt/airflow/dags/recommendation_pipeline_dag.py
[2026-05-05T11:18:41.157+0000] {logging_mixin.py:188} INFO - [2026-05-05T11:18:41.157+0000] {dag.py:3036} INFO - Sync 1 DAGs
[2026-05-05T11:18:41.180+0000] {logging_mixin.py:188} INFO - [2026-05-05T11:18:41.179+0000] {dag.py:3823} INFO - Setting next_dagrun for recommendation_pipeline to None, run_after=None
[2026-05-05T11:18:41.224+0000] {processor.py:183} INFO - Processing /opt/airflow/dags/recommendation_pipeline_dag.py took 0.174 seconds
[2026-05-05T11:19:12.095+0000] {processor.py:161} INFO - Started process (PID=303) to work on /opt/airflow/dags/recommendation_pipeline_dag.py
[2026-05-05T11:19:12.103+0000] {processor.py:830} INFO - Processing file /opt/airflow/dags/recommendation_pipeline_dag.py for tasks to queue
[2026-05-05T11:19:12.110+0000] {logging_mixin.py:188} INFO - [2026-05-05T11:19:12.108+0000] {dagbag.py:538} INFO - Filling up the DagBag from /opt/airflow/dags/recommendation_pipeline_dag.py
[2026-05-05T11:19:12.260+0000] {processor.py:840} INFO - DAG(s) 'recommendation_pipeline' retrieved from /opt/airflow/dags/recommendation_pipeline_dag.py
[2026-05-05T11:19:12.471+0000] {logging_mixin.py:188} INFO - [2026-05-05T11:19:12.470+0000] {dag.py:3036} INFO - Sync 1 DAGs
[2026-05-05T11:19:12.542+0000] {logging_mixin.py:188} INFO - [2026-05-05T11:19:12.541+0000] {dag.py:3823} INFO - Setting next_dagrun for recommendation_pipeline to None, run_after=None
[2026-05-05T11:19:12.634+0000] {processor.py:183} INFO - Processing /opt/airflow/dags/recommendation_pipeline_dag.py took 0.559 seconds
[2026-05-05T11:19:42.941+0000] {processor.py:161} INFO - Started process (PID=308) to work on /opt/airflow/dags/recommendation_pipeline_dag.py
[2026-05-05T11:19:42.946+0000] {processor.py:830} INFO - Processing file /opt/airflow/dags/recommendation_pipeline_dag.py for tasks to queue
[2026-05-05T11:19:42.950+0000] {logging_mixin.py:188} INFO - [2026-05-05T11:19:42.949+0000] {dagbag.py:538} INFO - Filling up the DagBag from /opt/airflow/dags/recommendation_pipeline_dag.py
[2026-05-05T11:19:43.051+0000] {processor.py:840} INFO - DAG(s) 'recommendation_pipeline' retrieved from /opt/airflow/dags/recommendation_pipeline_dag.py
[2026-05-05T11:19:43.197+0000] {logging_mixin.py:188} INFO - [2026-05-05T11:19:43.196+0000] {dag.py:3036} INFO - Sync 1 DAGs
[2026-05-05T11:19:43.247+0000] {logging_mixin.py:188} INFO - [2026-05-05T11:19:43.247+0000] {dag.py:3823} INFO - Setting next_dagrun for recommendation_pipeline to None, run_after=None
[2026-05-05T11:19:43.317+0000] {processor.py:183} INFO - Processing /opt/airflow/dags/recommendation_pipeline_dag.py took 0.387 seconds
[2026-05-05T11:20:14.034+0000] {processor.py:161} INFO - Started process (PID=313) to work on /opt/airflow/dags/recommendation_pipeline_dag.py
[2026-05-05T11:20:14.043+0000] {processor.py:830} INFO - Processing file /opt/airflow/dags/recommendation_pipeline_dag.py for tasks to queue
[2026-05-05T11:20:14.057+0000] {logging_mixin.py:188} INFO - [2026-05-05T11:20:14.054+0000] {dagbag.py:538} INFO - Filling up the DagBag from /opt/airflow/dags/recommendation_pipeline_dag.py
[2026-05-05T11:20:14.185+0000] {processor.py:840} INFO - DAG(s) 'recommendation_pipeline' retrieved from /opt/airflow/dags/recommendation_pipeline_dag.py
[2026-05-05T11:20:14.277+0000] {logging_mixin.py:188} INFO - [2026-05-05T11:20:14.277+0000] {dag.py:3036} INFO - Sync 1 DAGs
[2026-05-05T11:20:14.315+0000] {logging_mixin.py:188} INFO - [2026-05-05T11:20:14.315+0000] {dag.py:3823} INFO - Setting next_dagrun for recommendation_pipeline to None, run_after=None
[2026-05-05T11:20:14.385+0000] {processor.py:183} INFO - Processing /opt/airflow/dags/recommendation_pipeline_dag.py took 0.395 seconds
[2026-05-05T11:20:44.545+0000] {processor.py:161} INFO - Started process (PID=318) to work on /opt/airflow/dags/recommendation_pipeline_dag.py
[2026-05-05T11:20:44.549+0000] {processor.py:830} INFO - Processing file /opt/airflow/dags/recommendation_pipeline_dag.py for tasks to queue
[2026-05-05T11:20:44.557+0000] {logging_mixin.py:188} INFO - [2026-05-05T11:20:44.554+0000] {dagbag.py:538} INFO - Filling up the DagBag from /opt/airflow/dags/recommendation_pipeline_dag.py
[2026-05-05T11:20:44.643+0000] {processor.py:840} INFO - DAG(s) 'recommendation_pipeline' retrieved from /opt/airflow/dags/recommendation_pipeline_dag.py
[2026-05-05T11:20:44.697+0000] {logging_mixin.py:188} INFO - [2026-05-05T11:20:44.697+0000] {dag.py:3036} INFO - Sync 1 DAGs
[2026-05-05T11:20:44.717+0000] {logging_mixin.py:188} INFO - [2026-05-05T11:20:44.717+0000] {dag.py:3823} INFO - Setting next_dagrun for recommendation_pipeline to None, run_after=None
[2026-05-05T11:20:44.751+0000] {processor.py:183} INFO - Processing /opt/airflow/dags/recommendation_pipeline_dag.py took 0.213 seconds
[2026-05-05T11:21:15.108+0000] {processor.py:161} INFO - Started process (PID=323) to work on /opt/airflow/dags/recommendation_pipeline_dag.py
[2026-05-05T11:21:15.113+0000] {processor.py:830} INFO - Processing file /opt/airflow/dags/recommendation_pipeline_dag.py for tasks to queue
[2026-05-05T11:21:15.121+0000] {logging_mixin.py:188} INFO - [2026-05-05T11:21:15.119+0000] {dagbag.py:538} INFO - Filling up the DagBag from /opt/airflow/dags/recommendation_pipeline_dag.py
[2026-05-05T11:21:15.284+0000] {processor.py:840} INFO - DAG(s) 'recommendation_pipeline' retrieved from /opt/airflow/dags/recommendation_pipeline_dag.py
[2026-05-05T11:21:15.439+0000] {logging_mixin.py:188} INFO - [2026-05-05T11:21:15.437+0000] {dag.py:3036} INFO - Sync 1 DAGs
[2026-05-05T11:21:15.512+0000] {logging_mixin.py:188} INFO - [2026-05-05T11:21:15.511+0000] {dag.py:3823} INFO - Setting next_dagrun for recommendation_pipeline to None, run_after=None
[2026-05-05T11:21:15.633+0000] {processor.py:183} INFO - Processing /opt/airflow/dags/recommendation_pipeline_dag.py took 0.545 seconds
[2026-05-05T11:21:45.919+0000] {processor.py:161} INFO - Started process (PID=328) to work on /opt/airflow/dags/recommendation_pipeline_dag.py
[2026-05-05T11:21:45.923+0000] {processor.py:830} INFO - Processing file /opt/airflow/dags/recommendation_pipeline_dag.py for tasks to queue
[2026-05-05T11:21:45.926+0000] {logging_mixin.py:188} INFO - [2026-05-05T11:21:45.925+0000] {dagbag.py:538} INFO - Filling up the DagBag from /opt/airflow/dags/recommendation_pipeline_dag.py
[2026-05-05T11:21:46.064+0000] {processor.py:840} INFO - DAG(s) 'recommendation_pipeline' retrieved from /opt/airflow/dags/recommendation_pipeline_dag.py
[2026-05-05T11:21:46.128+0000] {logging_mixin.py:188} INFO - [2026-05-05T11:21:46.127+0000] {dag.py:3036} INFO - Sync 1 DAGs
[2026-05-05T11:21:46.157+0000] {logging_mixin.py:188} INFO - [2026-05-05T11:21:46.156+0000] {dag.py:3823} INFO - Setting next_dagrun for recommendation_pipeline to None, run_after=None
[2026-05-05T11:21:46.197+0000] {processor.py:183} INFO - Processing /opt/airflow/dags/recommendation_pipeline_dag.py took 0.289 seconds
[2026-05-05T11:22:16.867+0000] {processor.py:161} INFO - Started process (PID=333) to work on /opt/airflow/dags/recommendation_pipeline_dag.py
[2026-05-05T11:22:16.869+0000] {processor.py:830} INFO - Processing file /opt/airflow/dags/recommendation_pipeline_dag.py for tasks to queue
[2026-05-05T11:22:16.871+0000] {logging_mixin.py:188} INFO - [2026-05-05T11:22:16.870+0000] {dagbag.py:538} INFO - Filling up the DagBag from /opt/airflow/dags/recommendation_pipeline_dag.py
[2026-05-05T11:22:16.914+0000] {processor.py:840} INFO - DAG(s) 'recommendation_pipeline' retrieved from /opt/airflow/dags/recommendation_pipeline_dag.py
[2026-05-05T11:22:16.961+0000] {logging_mixin.py:188} INFO - [2026-05-05T11:22:16.960+0000] {dag.py:3036} INFO - Sync 1 DAGs
[2026-05-05T11:22:16.988+0000] {logging_mixin.py:188} INFO - [2026-05-05T11:22:16.988+0000] {dag.py:3823} INFO - Setting next_dagrun for recommendation_pipeline to None, run_after=None
[2026-05-05T11:22:17.099+0000] {processor.py:183} INFO - Processing /opt/airflow/dags/recommendation_pipeline_dag.py took 0.238 seconds
[2026-05-05T11:22:48.138+0000] {processor.py:161} INFO - Started process (PID=338) to work on /opt/airflow/dags/recommendation_pipeline_dag.py
[2026-05-05T11:22:48.143+0000] {processor.py:830} INFO - Processing file /opt/airflow/dags/recommendation_pipeline_dag.py for tasks to queue
[2026-05-05T11:22:48.147+0000] {logging_mixin.py:188} INFO - [2026-05-05T11:22:48.146+0000] {dagbag.py:538} INFO - Filling up the DagBag from /opt/airflow/dags/recommendation_pipeline_dag.py
[2026-05-05T11:22:48.228+0000] {processor.py:840} INFO - DAG(s) 'recommendation_pipeline' retrieved from /opt/airflow/dags/recommendation_pipeline_dag.py
[2026-05-05T11:22:48.332+0000] {logging_mixin.py:188} INFO - [2026-05-05T11:22:48.332+0000] {dag.py:3036} INFO - Sync 1 DAGs
[2026-05-05T11:22:48.374+0000] {logging_mixin.py:188} INFO - [2026-05-05T11:22:48.373+0000] {dag.py:3823} INFO - Setting next_dagrun for recommendation_pipeline to None, run_after=None
[2026-05-05T11:22:48.439+0000] {processor.py:183} INFO - Processing /opt/airflow/dags/recommendation_pipeline_dag.py took 0.311 seconds
[2026-05-05T11:23:19.072+0000] {processor.py:161} INFO - Started process (PID=343) to work on /opt/airflow/dags/recommendation_pipeline_dag.py
[2026-05-05T11:23:19.076+0000] {processor.py:830} INFO - Processing file /opt/airflow/dags/recommendation_pipeline_dag.py for tasks to queue
[2026-05-05T11:23:19.080+0000] {logging_mixin.py:188} INFO - [2026-05-05T11:23:19.079+0000] {dagbag.py:538} INFO - Filling up the DagBag from /opt/airflow/dags/recommendation_pipeline_dag.py
[2026-05-05T11:23:19.163+0000] {processor.py:840} INFO - DAG(s) 'recommendation_pipeline' retrieved from /opt/airflow/dags/recommendation_pipeline_dag.py
[2026-05-05T11:23:19.310+0000] {logging_mixin.py:188} INFO - [2026-05-05T11:23:19.309+0000] {dag.py:3036} INFO - Sync 1 DAGs
[2026-05-05T11:23:19.333+0000] {logging_mixin.py:188} INFO - [2026-05-05T11:23:19.332+0000] {dag.py:3823} INFO - Setting next_dagrun for recommendation_pipeline to None, run_after=None
[2026-05-05T11:23:19.363+0000] {processor.py:183} INFO - Processing /opt/airflow/dags/recommendation_pipeline_dag.py took 0.303 seconds
[2026-05-05T11:23:49.995+0000] {processor.py:161} INFO - Started process (PID=348) to work on /opt/airflow/dags/recommendation_pipeline_dag.py
[2026-05-05T11:23:49.996+0000] {processor.py:830} INFO - Processing file /opt/airflow/dags/recommendation_pipeline_dag.py for tasks to queue
[2026-05-05T11:23:49.998+0000] {logging_mixin.py:188} INFO - [2026-05-05T11:23:49.998+0000] {dagbag.py:538} INFO - Filling up the DagBag from /opt/airflow/dags/recommendation_pipeline_dag.py
[2026-05-05T11:23:50.034+0000] {processor.py:840} INFO - DAG(s) 'recommendation_pipeline' retrieved from /opt/airflow/dags/recommendation_pipeline_dag.py
[2026-05-05T11:23:50.077+0000] {logging_mixin.py:188} INFO - [2026-05-05T11:23:50.076+0000] {dag.py:3036} INFO - Sync 1 DAGs
[2026-05-05T11:23:50.101+0000] {logging_mixin.py:188} INFO - [2026-05-05T11:23:50.100+0000] {dag.py:3823} INFO - Setting next_dagrun for recommendation_pipeline to None, run_after=None
[2026-05-05T11:23:50.141+0000] {processor.py:183} INFO - Processing /opt/airflow/dags/recommendation_pipeline_dag.py took 0.152 seconds
[2026-05-05T11:24:21.071+0000] {processor.py:161} INFO - Started process (PID=353) to work on /opt/airflow/dags/recommendation_pipeline_dag.py
[2026-05-05T11:24:21.079+0000] {processor.py:830} INFO - Processing file /opt/airflow/dags/recommendation_pipeline_dag.py for tasks to queue
[2026-05-05T11:24:21.086+0000] {logging_mixin.py:188} INFO - [2026-05-05T11:24:21.084+0000] {dagbag.py:538} INFO - Filling up the DagBag from /opt/airflow/dags/recommendation_pipeline_dag.py
[2026-05-05T11:24:21.245+0000] {processor.py:840} INFO - DAG(s) 'recommendation_pipeline' retrieved from /opt/airflow/dags/recommendation_pipeline_dag.py
[2026-05-05T11:24:21.426+0000] {logging_mixin.py:188} INFO - [2026-05-05T11:24:21.425+0000] {dag.py:3036} INFO - Sync 1 DAGs
[2026-05-05T11:24:21.585+0000] {logging_mixin.py:188} INFO - [2026-05-05T11:24:21.584+0000] {dag.py:3823} INFO - Setting next_dagrun for recommendation_pipeline to None, run_after=None
[2026-05-05T11:24:21.702+0000] {processor.py:183} INFO - Processing /opt/airflow/dags/recommendation_pipeline_dag.py took 0.658 seconds
[2026-05-05T11:24:51.934+0000] {processor.py:161} INFO - Started process (PID=358) to work on /opt/airflow/dags/recommendation_pipeline_dag.py
[2026-05-05T11:24:51.936+0000] {processor.py:830} INFO - Processing file /opt/airflow/dags/recommendation_pipeline_dag.py for tasks to queue
[2026-05-05T11:24:51.939+0000] {logging_mixin.py:188} INFO - [2026-05-05T11:24:51.939+0000] {dagbag.py:538} INFO - Filling up the DagBag from /opt/airflow/dags/recommendation_pipeline_dag.py
[2026-05-05T11:24:52.008+0000] {processor.py:840} INFO - DAG(s) 'recommendation_pipeline' retrieved from /opt/airflow/dags/recommendation_pipeline_dag.py
[2026-05-05T11:24:52.097+0000] {logging_mixin.py:188} INFO - [2026-05-05T11:24:52.096+0000] {dag.py:3036} INFO - Sync 1 DAGs
[2026-05-05T11:24:52.137+0000] {logging_mixin.py:188} INFO - [2026-05-05T11:24:52.137+0000] {dag.py:3823} INFO - Setting next_dagrun for recommendation_pipeline to None, run_after=None
[2026-05-05T11:24:52.198+0000] {processor.py:183} INFO - Processing /opt/airflow/dags/recommendation_pipeline_dag.py took 0.274 seconds
[2026-05-05T11:25:22.594+0000] {processor.py:161} INFO - Started process (PID=363) to work on /opt/airflow/dags/recommendation_pipeline_dag.py
[2026-05-05T11:25:22.597+0000] {processor.py:830} INFO - Processing file /opt/airflow/dags/recommendation_pipeline_dag.py for tasks to queue
[2026-05-05T11:25:22.600+0000] {logging_mixin.py:188} INFO - [2026-05-05T11:25:22.600+0000] {dagbag.py:538} INFO - Filling up the DagBag from /opt/airflow/dags/recommendation_pipeline_dag.py
[2026-05-05T11:25:22.666+0000] {processor.py:840} INFO - DAG(s) 'recommendation_pipeline' retrieved from /opt/airflow/dags/recommendation_pipeline_dag.py
[2026-05-05T11:25:22.761+0000] {logging_mixin.py:188} INFO - [2026-05-05T11:25:22.761+0000] {dag.py:3036} INFO - Sync 1 DAGs
[2026-05-05T11:25:22.785+0000] {logging_mixin.py:188} INFO - [2026-05-05T11:25:22.785+0000] {dag.py:3823} INFO - Setting next_dagrun for recommendation_pipeline to None, run_after=None
[2026-05-05T11:25:22.819+0000] {processor.py:183} INFO - Processing /opt/airflow/dags/recommendation_pipeline_dag.py took 0.231 seconds
[2026-05-05T11:25:52.940+0000] {processor.py:161} INFO - Started process (PID=368) to work on /opt/airflow/dags/recommendation_pipeline_dag.py
[2026-05-05T11:25:52.943+0000] {processor.py:830} INFO - Processing file /opt/airflow/dags/recommendation_pipeline_dag.py for tasks to queue
[2026-05-05T11:25:52.945+0000] {logging_mixin.py:188} INFO - [2026-05-05T11:25:52.944+0000] {dagbag.py:538} INFO - Filling up the DagBag from /opt/airflow/dags/recommendation_pipeline_dag.py
[2026-05-05T11:25:52.992+0000] {processor.py:840} INFO - DAG(s) 'recommendation_pipeline' retrieved from /opt/airflow/dags/recommendation_pipeline_dag.py
[2026-05-05T11:25:53.067+0000] {logging_mixin.py:188} INFO - [2026-05-05T11:25:53.066+0000] {dag.py:3036} INFO - Sync 1 DAGs
[2026-05-05T11:25:53.109+0000] {logging_mixin.py:188} INFO - [2026-05-05T11:25:53.108+0000] {dag.py:3823} INFO - Setting next_dagrun for recommendation_pipeline to None, run_after=None
[2026-05-05T11:25:53.146+0000] {processor.py:183} INFO - Processing /opt/airflow/dags/recommendation_pipeline_dag.py took 0.214 seconds
[2026-05-05T11:26:23.890+0000] {processor.py:161} INFO - Started process (PID=373) to work on /opt/airflow/dags/recommendation_pipeline_dag.py
[2026-05-05T11:26:23.897+0000] {processor.py:830} INFO - Processing file /opt/airflow/dags/recommendation_pipeline_dag.py for tasks to queue
[2026-05-05T11:26:23.903+0000] {logging_mixin.py:188} INFO - [2026-05-05T11:26:23.901+0000] {dagbag.py:538} INFO - Filling up the DagBag from /opt/airflow/dags/recommendation_pipeline_dag.py
[2026-05-05T11:26:24.010+0000] {processor.py:840} INFO - DAG(s) 'recommendation_pipeline' retrieved from /opt/airflow/dags/recommendation_pipeline_dag.py
[2026-05-05T11:26:24.111+0000] {logging_mixin.py:188} INFO - [2026-05-05T11:26:24.110+0000] {dag.py:3036} INFO - Sync 1 DAGs
[2026-05-05T11:26:24.156+0000] {logging_mixin.py:188} INFO - [2026-05-05T11:26:24.155+0000] {dag.py:3823} INFO - Setting next_dagrun for recommendation_pipeline to None, run_after=None
[2026-05-05T11:26:24.262+0000] {processor.py:183} INFO - Processing /opt/airflow/dags/recommendation_pipeline_dag.py took 0.410 seconds
[2026-05-05T11:26:54.930+0000] {processor.py:161} INFO - Started process (PID=378) to work on /opt/airflow/dags/recommendation_pipeline_dag.py
[2026-05-05T11:26:54.937+0000] {processor.py:830} INFO - Processing file /opt/airflow/dags/recommendation_pipeline_dag.py for tasks to queue
[2026-05-05T11:26:54.945+0000] {logging_mixin.py:188} INFO - [2026-05-05T11:26:54.943+0000] {dagbag.py:538} INFO - Filling up the DagBag from /opt/airflow/dags/recommendation_pipeline_dag.py
[2026-05-05T11:26:55.090+0000] {processor.py:840} INFO - DAG(s) 'recommendation_pipeline' retrieved from /opt/airflow/dags/recommendation_pipeline_dag.py
[2026-05-05T11:26:55.264+0000] {logging_mixin.py:188} INFO - [2026-05-05T11:26:55.263+0000] {dag.py:3036} INFO - Sync 1 DAGs
[2026-05-05T11:26:55.337+0000] {logging_mixin.py:188} INFO - [2026-05-05T11:26:55.336+0000] {dag.py:3823} INFO - Setting next_dagrun for recommendation_pipeline to None, run_after=None
[2026-05-05T11:26:55.441+0000] {processor.py:183} INFO - Processing /opt/airflow/dags/recommendation_pipeline_dag.py took 0.532 seconds
[2026-05-05T11:27:26.230+0000] {processor.py:161} INFO - Started process (PID=383) to work on /opt/airflow/dags/recommendation_pipeline_dag.py
[2026-05-05T11:27:26.237+0000] {processor.py:830} INFO - Processing file /opt/airflow/dags/recommendation_pipeline_dag.py for tasks to queue
[2026-05-05T11:27:26.243+0000] {logging_mixin.py:188} INFO - [2026-05-05T11:27:26.242+0000] {dagbag.py:538} INFO - Filling up the DagBag from /opt/airflow/dags/recommendation_pipeline_dag.py
[2026-05-05T11:27:26.383+0000] {processor.py:840} INFO - DAG(s) 'recommendation_pipeline' retrieved from /opt/airflow/dags/recommendation_pipeline_dag.py
[2026-05-05T11:27:26.555+0000] {logging_mixin.py:188} INFO - [2026-05-05T11:27:26.553+0000] {dag.py:3036} INFO - Sync 1 DAGs
[2026-05-05T11:27:26.650+0000] {logging_mixin.py:188} INFO - [2026-05-05T11:27:26.649+0000] {dag.py:3823} INFO - Setting next_dagrun for recommendation_pipeline to None, run_after=None
[2026-05-05T11:27:26.754+0000] {processor.py:183} INFO - Processing /opt/airflow/dags/recommendation_pipeline_dag.py took 0.551 seconds
[2026-05-05T11:27:57.405+0000] {processor.py:161} INFO - Started process (PID=388) to work on /opt/airflow/dags/recommendation_pipeline_dag.py
[2026-05-05T11:27:57.412+0000] {processor.py:830} INFO - Processing file /opt/airflow/dags/recommendation_pipeline_dag.py for tasks to queue
[2026-05-05T11:27:57.418+0000] {logging_mixin.py:188} INFO - [2026-05-05T11:27:57.416+0000] {dagbag.py:538} INFO - Filling up the DagBag from /opt/airflow/dags/recommendation_pipeline_dag.py
[2026-05-05T11:27:57.542+0000] {processor.py:840} INFO - DAG(s) 'recommendation_pipeline' retrieved from /opt/airflow/dags/recommendation_pipeline_dag.py
[2026-05-05T11:27:57.689+0000] {logging_mixin.py:188} INFO - [2026-05-05T11:27:57.688+0000] {dag.py:3036} INFO - Sync 1 DAGs
[2026-05-05T11:27:57.764+0000] {logging_mixin.py:188} INFO - [2026-05-05T11:27:57.763+0000] {dag.py:3823} INFO - Setting next_dagrun for recommendation_pipeline to None, run_after=None
[2026-05-05T11:27:57.875+0000] {processor.py:183} INFO - Processing /opt/airflow/dags/recommendation_pipeline_dag.py took 0.491 seconds
[2026-05-05T11:28:28.732+0000] {processor.py:161} INFO - Started process (PID=393) to work on /opt/airflow/dags/recommendation_pipeline_dag.py
[2026-05-05T11:28:28.738+0000] {processor.py:830} INFO - Processing file /opt/airflow/dags/recommendation_pipeline_dag.py for tasks to queue
[2026-05-05T11:28:28.745+0000] {logging_mixin.py:188} INFO - [2026-05-05T11:28:28.743+0000] {dagbag.py:538} INFO - Filling up the DagBag from /opt/airflow/dags/recommendation_pipeline_dag.py
[2026-05-05T11:28:28.878+0000] {processor.py:840} INFO - DAG(s) 'recommendation_pipeline' retrieved from /opt/airflow/dags/recommendation_pipeline_dag.py
[2026-05-05T11:28:29.035+0000] {logging_mixin.py:188} INFO - [2026-05-05T11:28:29.034+0000] {dag.py:3036} INFO - Sync 1 DAGs
[2026-05-05T11:28:29.123+0000] {logging_mixin.py:188} INFO - [2026-05-05T11:28:29.122+0000] {dag.py:3823} INFO - Setting next_dagrun for recommendation_pipeline to None, run_after=None
[2026-05-05T11:28:29.229+0000] {processor.py:183} INFO - Processing /opt/airflow/dags/recommendation_pipeline_dag.py took 0.517 seconds
[2026-05-05T11:28:59.791+0000] {processor.py:161} INFO - Started process (PID=398) to work on /opt/airflow/dags/recommendation_pipeline_dag.py
[2026-05-05T11:28:59.797+0000] {processor.py:830} INFO - Processing file /opt/airflow/dags/recommendation_pipeline_dag.py for tasks to queue
[2026-05-05T11:28:59.803+0000] {logging_mixin.py:188} INFO - [2026-05-05T11:28:59.802+0000] {dagbag.py:538} INFO - Filling up the DagBag from /opt/airflow/dags/recommendation_pipeline_dag.py
[2026-05-05T11:28:59.931+0000] {processor.py:840} INFO - DAG(s) 'recommendation_pipeline' retrieved from /opt/airflow/dags/recommendation_pipeline_dag.py
[2026-05-05T11:29:00.075+0000] {logging_mixin.py:188} INFO - [2026-05-05T11:29:00.074+0000] {dag.py:3036} INFO - Sync 1 DAGs
[2026-05-05T11:29:00.140+0000] {logging_mixin.py:188} INFO - [2026-05-05T11:29:00.139+0000] {dag.py:3823} INFO - Setting next_dagrun for recommendation_pipeline to None, run_after=None
[2026-05-05T11:29:00.244+0000] {processor.py:183} INFO - Processing /opt/airflow/dags/recommendation_pipeline_dag.py took 0.472 seconds
[2026-05-05T11:29:31.118+0000] {processor.py:161} INFO - Started process (PID=403) to work on /opt/airflow/dags/recommendation_pipeline_dag.py
[2026-05-05T11:29:31.124+0000] {processor.py:830} INFO - Processing file /opt/airflow/dags/recommendation_pipeline_dag.py for tasks to queue
[2026-05-05T11:29:31.131+0000] {logging_mixin.py:188} INFO - [2026-05-05T11:29:31.129+0000] {dagbag.py:538} INFO - Filling up the DagBag from /opt/airflow/dags/recommendation_pipeline_dag.py
[2026-05-05T11:29:31.261+0000] {processor.py:840} INFO - DAG(s) 'recommendation_pipeline' retrieved from /opt/airflow/dags/recommendation_pipeline_dag.py
[2026-05-05T11:29:31.462+0000] {logging_mixin.py:188} INFO - [2026-05-05T11:29:31.461+0000] {dag.py:3036} INFO - Sync 1 DAGs
[2026-05-05T11:29:31.498+0000] {logging_mixin.py:188} INFO - [2026-05-05T11:29:31.497+0000] {dag.py:3823} INFO - Setting next_dagrun for recommendation_pipeline to None, run_after=None
[2026-05-05T11:29:31.597+0000] {processor.py:183} INFO - Processing /opt/airflow/dags/recommendation_pipeline_dag.py took 0.502 seconds
[2026-05-05T11:30:02.124+0000] {processor.py:161} INFO - Started process (PID=408) to work on /opt/airflow/dags/recommendation_pipeline_dag.py
[2026-05-05T11:30:02.126+0000] {processor.py:830} INFO - Processing file /opt/airflow/dags/recommendation_pipeline_dag.py for tasks to queue
[2026-05-05T11:30:02.127+0000] {logging_mixin.py:188} INFO - [2026-05-05T11:30:02.127+0000] {dagbag.py:538} INFO - Filling up the DagBag from /opt/airflow/dags/recommendation_pipeline_dag.py
[2026-05-05T11:30:02.165+0000] {processor.py:840} INFO - DAG(s) 'recommendation_pipeline' retrieved from /opt/airflow/dags/recommendation_pipeline_dag.py
[2026-05-05T11:30:02.202+0000] {logging_mixin.py:188} INFO - [2026-05-05T11:30:02.202+0000] {dag.py:3036} INFO - Sync 1 DAGs
[2026-05-05T11:30:02.220+0000] {logging_mixin.py:188} INFO - [2026-05-05T11:30:02.220+0000] {dag.py:3823} INFO - Setting next_dagrun for recommendation_pipeline to None, run_after=None
[2026-05-05T11:30:02.250+0000] {processor.py:183} INFO - Processing /opt/airflow/dags/recommendation_pipeline_dag.py took 0.131 seconds
[2026-05-05T11:30:32.961+0000] {processor.py:161} INFO - Started process (PID=451) to work on /opt/airflow/dags/recommendation_pipeline_dag.py
[2026-05-05T11:30:32.969+0000] {processor.py:830} INFO - Processing file /opt/airflow/dags/recommendation_pipeline_dag.py for tasks to queue
[2026-05-05T11:30:32.976+0000] {logging_mixin.py:188} INFO - [2026-05-05T11:30:32.974+0000] {dagbag.py:538} INFO - Filling up the DagBag from /opt/airflow/dags/recommendation_pipeline_dag.py
[2026-05-05T11:30:33.113+0000] {processor.py:840} INFO - DAG(s) 'recommendation_pipeline' retrieved from /opt/airflow/dags/recommendation_pipeline_dag.py
[2026-05-05T11:30:33.245+0000] {logging_mixin.py:188} INFO - [2026-05-05T11:30:33.244+0000] {dag.py:3036} INFO - Sync 1 DAGs
[2026-05-05T11:30:33.323+0000] {logging_mixin.py:188} INFO - [2026-05-05T11:30:33.322+0000] {dag.py:3823} INFO - Setting next_dagrun for recommendation_pipeline to None, run_after=None
[2026-05-05T11:30:33.452+0000] {processor.py:183} INFO - Processing /opt/airflow/dags/recommendation_pipeline_dag.py took 0.508 seconds
[2026-05-05T11:31:04.034+0000] {processor.py:161} INFO - Started process (PID=457) to work on /opt/airflow/dags/recommendation_pipeline_dag.py
[2026-05-05T11:31:04.036+0000] {processor.py:830} INFO - Processing file /opt/airflow/dags/recommendation_pipeline_dag.py for tasks to queue
[2026-05-05T11:31:04.039+0000] {logging_mixin.py:188} INFO - [2026-05-05T11:31:04.038+0000] {dagbag.py:538} INFO - Filling up the DagBag from /opt/airflow/dags/recommendation_pipeline_dag.py
[2026-05-05T11:31:04.081+0000] {processor.py:840} INFO - DAG(s) 'recommendation_pipeline' retrieved from /opt/airflow/dags/recommendation_pipeline_dag.py
[2026-05-05T11:31:04.127+0000] {logging_mixin.py:188} INFO - [2026-05-05T11:31:04.127+0000] {dag.py:3036} INFO - Sync 1 DAGs
[2026-05-05T11:31:04.152+0000] {logging_mixin.py:188} INFO - [2026-05-05T11:31:04.152+0000] {dag.py:3823} INFO - Setting next_dagrun for recommendation_pipeline to None, run_after=None
[2026-05-05T11:31:04.188+0000] {processor.py:183} INFO - Processing /opt/airflow/dags/recommendation_pipeline_dag.py took 0.161 seconds
[2026-05-05T11:31:35.048+0000] {processor.py:161} INFO - Started process (PID=462) to work on /opt/airflow/dags/recommendation_pipeline_dag.py
[2026-05-05T11:31:35.053+0000] {processor.py:830} INFO - Processing file /opt/airflow/dags/recommendation_pipeline_dag.py for tasks to queue
[2026-05-05T11:31:35.059+0000] {logging_mixin.py:188} INFO - [2026-05-05T11:31:35.058+0000] {dagbag.py:538} INFO - Filling up the DagBag from /opt/airflow/dags/recommendation_pipeline_dag.py
[2026-05-05T11:31:35.206+0000] {processor.py:840} INFO - DAG(s) 'recommendation_pipeline' retrieved from /opt/airflow/dags/recommendation_pipeline_dag.py
[2026-05-05T11:31:35.347+0000] {logging_mixin.py:188} INFO - [2026-05-05T11:31:35.346+0000] {dag.py:3036} INFO - Sync 1 DAGs
[2026-05-05T11:31:35.394+0000] {logging_mixin.py:188} INFO - [2026-05-05T11:31:35.393+0000] {dag.py:3823} INFO - Setting next_dagrun for recommendation_pipeline to None, run_after=None
[2026-05-05T11:31:35.490+0000] {processor.py:183} INFO - Processing /opt/airflow/dags/recommendation_pipeline_dag.py took 0.459 seconds
[2026-05-05T11:32:06.083+0000] {processor.py:161} INFO - Started process (PID=467) to work on /opt/airflow/dags/recommendation_pipeline_dag.py
[2026-05-05T11:32:06.090+0000] {processor.py:830} INFO - Processing file /opt/airflow/dags/recommendation_pipeline_dag.py for tasks to queue
[2026-05-05T11:32:06.097+0000] {logging_mixin.py:188} INFO - [2026-05-05T11:32:06.095+0000] {dagbag.py:538} INFO - Filling up the DagBag from /opt/airflow/dags/recommendation_pipeline_dag.py
[2026-05-05T11:32:06.225+0000] {processor.py:840} INFO - DAG(s) 'recommendation_pipeline' retrieved from /opt/airflow/dags/recommendation_pipeline_dag.py
[2026-05-05T11:32:06.363+0000] {logging_mixin.py:188} INFO - [2026-05-05T11:32:06.362+0000] {dag.py:3036} INFO - Sync 1 DAGs
[2026-05-05T11:32:06.396+0000] {logging_mixin.py:188} INFO - [2026-05-05T11:32:06.395+0000] {dag.py:3823} INFO - Setting next_dagrun for recommendation_pipeline to None, run_after=None
[2026-05-05T11:32:06.464+0000] {processor.py:183} INFO - Processing /opt/airflow/dags/recommendation_pipeline_dag.py took 0.404 seconds
[2026-05-05T11:32:34.648+0000] {processor.py:161} INFO - Started process (PID=472) to work on /opt/airflow/dags/recommendation_pipeline_dag.py
[2026-05-05T11:32:34.655+0000] {processor.py:830} INFO - Processing file /opt/airflow/dags/recommendation_pipeline_dag.py for tasks to queue
[2026-05-05T11:32:34.662+0000] {logging_mixin.py:188} INFO - [2026-05-05T11:32:34.660+0000] {dagbag.py:538} INFO - Filling up the DagBag from /opt/airflow/dags/recommendation_pipeline_dag.py
[2026-05-05T11:32:34.796+0000] {processor.py:840} INFO - DAG(s) 'recommendation_pipeline' retrieved from /opt/airflow/dags/recommendation_pipeline_dag.py
[2026-05-05T11:32:34.959+0000] {logging_mixin.py:188} INFO - [2026-05-05T11:32:34.958+0000] {dag.py:3036} INFO - Sync 1 DAGs
[2026-05-05T11:32:35.033+0000] {logging_mixin.py:188} INFO - [2026-05-05T11:32:35.032+0000] {dag.py:3823} INFO - Setting next_dagrun for recommendation_pipeline to None, run_after=None
[2026-05-05T11:32:35.187+0000] {processor.py:183} INFO - Processing /opt/airflow/dags/recommendation_pipeline_dag.py took 0.560 seconds
[2026-05-05T11:33:05.550+0000] {processor.py:161} INFO - Started process (PID=514) to work on /opt/airflow/dags/recommendation_pipeline_dag.py
[2026-05-05T11:33:05.557+0000] {processor.py:830} INFO - Processing file /opt/airflow/dags/recommendation_pipeline_dag.py for tasks to queue
[2026-05-05T11:33:05.564+0000] {logging_mixin.py:188} INFO - [2026-05-05T11:33:05.562+0000] {dagbag.py:538} INFO - Filling up the DagBag from /opt/airflow/dags/recommendation_pipeline_dag.py
[2026-05-05T11:33:05.699+0000] {processor.py:840} INFO - DAG(s) 'recommendation_pipeline' retrieved from /opt/airflow/dags/recommendation_pipeline_dag.py
[2026-05-05T11:33:05.876+0000] {logging_mixin.py:188} INFO - [2026-05-05T11:33:05.875+0000] {dag.py:3036} INFO - Sync 1 DAGs
[2026-05-05T11:33:05.919+0000] {logging_mixin.py:188} INFO - [2026-05-05T11:33:05.918+0000] {dag.py:3823} INFO - Setting next_dagrun for recommendation_pipeline to None, run_after=None
[2026-05-05T11:33:05.977+0000] {processor.py:183} INFO - Processing /opt/airflow/dags/recommendation_pipeline_dag.py took 0.447 seconds
[2026-05-05T11:33:36.408+0000] {processor.py:161} INFO - Started process (PID=519) to work on /opt/airflow/dags/recommendation_pipeline_dag.py
[2026-05-05T11:33:36.412+0000] {processor.py:830} INFO - Processing file /opt/airflow/dags/recommendation_pipeline_dag.py for tasks to queue
[2026-05-05T11:33:36.416+0000] {logging_mixin.py:188} INFO - [2026-05-05T11:33:36.415+0000] {dagbag.py:538} INFO - Filling up the DagBag from /opt/airflow/dags/recommendation_pipeline_dag.py
[2026-05-05T11:33:36.494+0000] {processor.py:840} INFO - DAG(s) 'recommendation_pipeline' retrieved from /opt/airflow/dags/recommendation_pipeline_dag.py
[2026-05-05T11:33:36.609+0000] {logging_mixin.py:188} INFO - [2026-05-05T11:33:36.608+0000] {dag.py:3036} INFO - Sync 1 DAGs
[2026-05-05T11:33:36.674+0000] {logging_mixin.py:188} INFO - [2026-05-05T11:33:36.673+0000] {dag.py:3823} INFO - Setting next_dagrun for recommendation_pipeline to None, run_after=None
[2026-05-05T11:33:36.770+0000] {processor.py:183} INFO - Processing /opt/airflow/dags/recommendation_pipeline_dag.py took 0.375 seconds
[2026-05-05T11:34:07.347+0000] {processor.py:161} INFO - Started process (PID=524) to work on /opt/airflow/dags/recommendation_pipeline_dag.py
[2026-05-05T11:34:07.352+0000] {processor.py:830} INFO - Processing file /opt/airflow/dags/recommendation_pipeline_dag.py for tasks to queue
[2026-05-05T11:34:07.359+0000] {logging_mixin.py:188} INFO - [2026-05-05T11:34:07.357+0000] {dagbag.py:538} INFO - Filling up the DagBag from /opt/airflow/dags/recommendation_pipeline_dag.py
[2026-05-05T11:34:07.551+0000] {processor.py:840} INFO - DAG(s) 'recommendation_pipeline' retrieved from /opt/airflow/dags/recommendation_pipeline_dag.py
[2026-05-05T11:34:07.681+0000] {logging_mixin.py:188} INFO - [2026-05-05T11:34:07.679+0000] {dag.py:3036} INFO - Sync 1 DAGs
[2026-05-05T11:34:07.754+0000] {logging_mixin.py:188} INFO - [2026-05-05T11:34:07.753+0000] {dag.py:3823} INFO - Setting next_dagrun for recommendation_pipeline to None, run_after=None
[2026-05-05T11:34:07.867+0000] {processor.py:183} INFO - Processing /opt/airflow/dags/recommendation_pipeline_dag.py took 0.542 seconds
[2026-05-05T11:34:38.687+0000] {processor.py:161} INFO - Started process (PID=529) to work on /opt/airflow/dags/recommendation_pipeline_dag.py
[2026-05-05T11:34:38.693+0000] {processor.py:830} INFO - Processing file /opt/airflow/dags/recommendation_pipeline_dag.py for tasks to queue
[2026-05-05T11:34:38.698+0000] {logging_mixin.py:188} INFO - [2026-05-05T11:34:38.697+0000] {dagbag.py:538} INFO - Filling up the DagBag from /opt/airflow/dags/recommendation_pipeline_dag.py
[2026-05-05T11:34:38.826+0000] {processor.py:840} INFO - DAG(s) 'recommendation_pipeline' retrieved from /opt/airflow/dags/recommendation_pipeline_dag.py
[2026-05-05T11:34:38.972+0000] {logging_mixin.py:188} INFO - [2026-05-05T11:34:38.971+0000] {dag.py:3036} INFO - Sync 1 DAGs
[2026-05-05T11:34:39.045+0000] {logging_mixin.py:188} INFO - [2026-05-05T11:34:39.043+0000] {dag.py:3823} INFO - Setting next_dagrun for recommendation_pipeline to None, run_after=None
[2026-05-05T11:34:39.162+0000] {processor.py:183} INFO - Processing /opt/airflow/dags/recommendation_pipeline_dag.py took 0.495 seconds
[2026-05-05T11:35:09.610+0000] {processor.py:161} INFO - Started process (PID=534) to work on /opt/airflow/dags/recommendation_pipeline_dag.py
[2026-05-05T11:35:09.612+0000] {processor.py:830} INFO - Processing file /opt/airflow/dags/recommendation_pipeline_dag.py for tasks to queue
[2026-05-05T11:35:09.613+0000] {logging_mixin.py:188} INFO - [2026-05-05T11:35:09.613+0000] {dagbag.py:538} INFO - Filling up the DagBag from /opt/airflow/dags/recommendation_pipeline_dag.py
[2026-05-05T11:35:09.653+0000] {processor.py:840} INFO - DAG(s) 'recommendation_pipeline' retrieved from /opt/airflow/dags/recommendation_pipeline_dag.py
[2026-05-05T11:35:09.695+0000] {logging_mixin.py:188} INFO - [2026-05-05T11:35:09.695+0000] {dag.py:3036} INFO - Sync 1 DAGs
[2026-05-05T11:35:09.712+0000] {logging_mixin.py:188} INFO - [2026-05-05T11:35:09.712+0000] {dag.py:3823} INFO - Setting next_dagrun for recommendation_pipeline to None, run_after=None
[2026-05-05T11:35:09.746+0000] {processor.py:183} INFO - Processing /opt/airflow/dags/recommendation_pipeline_dag.py took 0.141 seconds
[2026-05-05T11:35:40.736+0000] {processor.py:161} INFO - Started process (PID=539) to work on /opt/airflow/dags/recommendation_pipeline_dag.py
[2026-05-05T11:35:40.738+0000] {processor.py:830} INFO - Processing file /opt/airflow/dags/recommendation_pipeline_dag.py for tasks to queue
[2026-05-05T11:35:40.742+0000] {logging_mixin.py:188} INFO - [2026-05-05T11:35:40.741+0000] {dagbag.py:538} INFO - Filling up the DagBag from /opt/airflow/dags/recommendation_pipeline_dag.py
[2026-05-05T11:35:40.781+0000] {processor.py:840} INFO - DAG(s) 'recommendation_pipeline' retrieved from /opt/airflow/dags/recommendation_pipeline_dag.py
[2026-05-05T11:35:40.833+0000] {logging_mixin.py:188} INFO - [2026-05-05T11:35:40.833+0000] {dag.py:3036} INFO - Sync 1 DAGs
[2026-05-05T11:35:40.854+0000] {logging_mixin.py:188} INFO - [2026-05-05T11:35:40.854+0000] {dag.py:3823} INFO - Setting next_dagrun for recommendation_pipeline to None, run_after=None
[2026-05-05T11:35:40.885+0000] {processor.py:183} INFO - Processing /opt/airflow/dags/recommendation_pipeline_dag.py took 0.157 seconds
[2026-05-05T11:36:11.823+0000] {processor.py:161} INFO - Started process (PID=544) to work on /opt/airflow/dags/recommendation_pipeline_dag.py
[2026-05-05T11:36:11.834+0000] {processor.py:830} INFO - Processing file /opt/airflow/dags/recommendation_pipeline_dag.py for tasks to queue
[2026-05-05T11:36:11.842+0000] {logging_mixin.py:188} INFO - [2026-05-05T11:36:11.840+0000] {dagbag.py:538} INFO - Filling up the DagBag from /opt/airflow/dags/recommendation_pipeline_dag.py
[2026-05-05T11:36:11.958+0000] {processor.py:840} INFO - DAG(s) 'recommendation_pipeline' retrieved from /opt/airflow/dags/recommendation_pipeline_dag.py
[2026-05-05T11:36:12.105+0000] {logging_mixin.py:188} INFO - [2026-05-05T11:36:12.104+0000] {dag.py:3036} INFO - Sync 1 DAGs
[2026-05-05T11:36:12.169+0000] {logging_mixin.py:188} INFO - [2026-05-05T11:36:12.168+0000] {dag.py:3823} INFO - Setting next_dagrun for recommendation_pipeline to None, run_after=None
[2026-05-05T11:36:12.265+0000] {processor.py:183} INFO - Processing /opt/airflow/dags/recommendation_pipeline_dag.py took 0.464 seconds
[2026-05-05T11:36:43.566+0000] {processor.py:161} INFO - Started process (PID=549) to work on /opt/airflow/dags/recommendation_pipeline_dag.py
[2026-05-05T11:36:43.571+0000] {processor.py:830} INFO - Processing file /opt/airflow/dags/recommendation_pipeline_dag.py for tasks to queue
[2026-05-05T11:36:43.577+0000] {logging_mixin.py:188} INFO - [2026-05-05T11:36:43.575+0000] {dagbag.py:538} INFO - Filling up the DagBag from /opt/airflow/dags/recommendation_pipeline_dag.py
[2026-05-05T11:36:40.137+0000] {processor.py:840} INFO - DAG(s) 'recommendation_pipeline' retrieved from /opt/airflow/dags/recommendation_pipeline_dag.py
[2026-05-05T11:36:40.208+0000] {logging_mixin.py:188} INFO - [2026-05-05T11:36:40.208+0000] {dag.py:3036} INFO - Sync 1 DAGs
[2026-05-05T11:36:40.246+0000] {logging_mixin.py:188} INFO - [2026-05-05T11:36:40.246+0000] {dag.py:3823} INFO - Setting next_dagrun for recommendation_pipeline to None, run_after=None
[2026-05-05T11:36:40.315+0000] {processor.py:183} INFO - Processing /opt/airflow/dags/recommendation_pipeline_dag.py took 0.296 seconds
[2026-05-05T11:37:10.936+0000] {processor.py:161} INFO - Started process (PID=554) to work on /opt/airflow/dags/recommendation_pipeline_dag.py
[2026-05-05T11:37:10.944+0000] {processor.py:830} INFO - Processing file /opt/airflow/dags/recommendation_pipeline_dag.py for tasks to queue
[2026-05-05T11:37:10.950+0000] {logging_mixin.py:188} INFO - [2026-05-05T11:37:10.948+0000] {dagbag.py:538} INFO - Filling up the DagBag from /opt/airflow/dags/recommendation_pipeline_dag.py
[2026-05-05T11:37:11.094+0000] {processor.py:840} INFO - DAG(s) 'recommendation_pipeline' retrieved from /opt/airflow/dags/recommendation_pipeline_dag.py
[2026-05-05T11:37:11.198+0000] {logging_mixin.py:188} INFO - [2026-05-05T11:37:11.197+0000] {dag.py:3036} INFO - Sync 1 DAGs
[2026-05-05T11:37:11.240+0000] {logging_mixin.py:188} INFO - [2026-05-05T11:37:11.239+0000] {dag.py:3823} INFO - Setting next_dagrun for recommendation_pipeline to None, run_after=None
[2026-05-05T11:37:11.307+0000] {processor.py:183} INFO - Processing /opt/airflow/dags/recommendation_pipeline_dag.py took 0.397 seconds
[2026-05-05T11:37:42.131+0000] {processor.py:161} INFO - Started process (PID=559) to work on /opt/airflow/dags/recommendation_pipeline_dag.py
[2026-05-05T11:37:42.134+0000] {processor.py:830} INFO - Processing file /opt/airflow/dags/recommendation_pipeline_dag.py for tasks to queue
[2026-05-05T11:37:42.138+0000] {logging_mixin.py:188} INFO - [2026-05-05T11:37:42.137+0000] {dagbag.py:538} INFO - Filling up the DagBag from /opt/airflow/dags/recommendation_pipeline_dag.py
[2026-05-05T11:37:42.211+0000] {processor.py:840} INFO - DAG(s) 'recommendation_pipeline' retrieved from /opt/airflow/dags/recommendation_pipeline_dag.py
[2026-05-05T11:37:42.290+0000] {logging_mixin.py:188} INFO - [2026-05-05T11:37:42.289+0000] {dag.py:3036} INFO - Sync 1 DAGs
[2026-05-05T11:37:42.332+0000] {logging_mixin.py:188} INFO - [2026-05-05T11:37:42.331+0000] {dag.py:3823} INFO - Setting next_dagrun for recommendation_pipeline to None, run_after=None
[2026-05-05T11:37:42.384+0000] {processor.py:183} INFO - Processing /opt/airflow/dags/recommendation_pipeline_dag.py took 0.269 seconds
[2026-05-05T11:38:13.294+0000] {processor.py:161} INFO - Started process (PID=564) to work on /opt/airflow/dags/recommendation_pipeline_dag.py
[2026-05-05T11:38:13.307+0000] {processor.py:830} INFO - Processing file /opt/airflow/dags/recommendation_pipeline_dag.py for tasks to queue
[2026-05-05T11:38:13.317+0000] {logging_mixin.py:188} INFO - [2026-05-05T11:38:13.313+0000] {dagbag.py:538} INFO - Filling up the DagBag from /opt/airflow/dags/recommendation_pipeline_dag.py
[2026-05-05T11:38:13.432+0000] {processor.py:840} INFO - DAG(s) 'recommendation_pipeline' retrieved from /opt/airflow/dags/recommendation_pipeline_dag.py
[2026-05-05T11:38:13.555+0000] {logging_mixin.py:188} INFO - [2026-05-05T11:38:13.554+0000] {dag.py:3036} INFO - Sync 1 DAGs
[2026-05-05T11:38:13.607+0000] {logging_mixin.py:188} INFO - [2026-05-05T11:38:13.606+0000] {dag.py:3823} INFO - Setting next_dagrun for recommendation_pipeline to None, run_after=None
[2026-05-05T11:38:13.654+0000] {processor.py:183} INFO - Processing /opt/airflow/dags/recommendation_pipeline_dag.py took 0.400 seconds
[2026-05-05T11:38:44.125+0000] {processor.py:161} INFO - Started process (PID=569) to work on /opt/airflow/dags/recommendation_pipeline_dag.py
[2026-05-05T11:38:44.127+0000] {processor.py:830} INFO - Processing file /opt/airflow/dags/recommendation_pipeline_dag.py for tasks to queue
[2026-05-05T11:38:44.129+0000] {logging_mixin.py:188} INFO - [2026-05-05T11:38:44.129+0000] {dagbag.py:538} INFO - Filling up the DagBag from /opt/airflow/dags/recommendation_pipeline_dag.py
[2026-05-05T11:38:44.174+0000] {processor.py:840} INFO - DAG(s) 'recommendation_pipeline' retrieved from /opt/airflow/dags/recommendation_pipeline_dag.py
[2026-05-05T11:38:44.223+0000] {logging_mixin.py:188} INFO - [2026-05-05T11:38:44.223+0000] {dag.py:3036} INFO - Sync 1 DAGs
[2026-05-05T11:38:44.244+0000] {logging_mixin.py:188} INFO - [2026-05-05T11:38:44.244+0000] {dag.py:3823} INFO - Setting next_dagrun for recommendation_pipeline to None, run_after=None
[2026-05-05T11:38:44.291+0000] {processor.py:183} INFO - Processing /opt/airflow/dags/recommendation_pipeline_dag.py took 0.173 seconds
[2026-05-05T11:39:15.131+0000] {processor.py:161} INFO - Started process (PID=574) to work on /opt/airflow/dags/recommendation_pipeline_dag.py
[2026-05-05T11:39:15.137+0000] {processor.py:830} INFO - Processing file /opt/airflow/dags/recommendation_pipeline_dag.py for tasks to queue
[2026-05-05T11:39:15.144+0000] {logging_mixin.py:188} INFO - [2026-05-05T11:39:15.142+0000] {dagbag.py:538} INFO - Filling up the DagBag from /opt/airflow/dags/recommendation_pipeline_dag.py
[2026-05-05T11:39:15.291+0000] {processor.py:840} INFO - DAG(s) 'recommendation_pipeline' retrieved from /opt/airflow/dags/recommendation_pipeline_dag.py
[2026-05-05T11:39:15.451+0000] {logging_mixin.py:188} INFO - [2026-05-05T11:39:15.450+0000] {dag.py:3036} INFO - Sync 1 DAGs
[2026-05-05T11:39:15.521+0000] {logging_mixin.py:188} INFO - [2026-05-05T11:39:15.520+0000] {dag.py:3823} INFO - Setting next_dagrun for recommendation_pipeline to None, run_after=None
[2026-05-05T11:39:15.626+0000] {processor.py:183} INFO - Processing /opt/airflow/dags/recommendation_pipeline_dag.py took 0.513 seconds
[2026-05-05T11:39:46.215+0000] {processor.py:161} INFO - Started process (PID=579) to work on /opt/airflow/dags/recommendation_pipeline_dag.py
[2026-05-05T11:39:46.223+0000] {processor.py:830} INFO - Processing file /opt/airflow/dags/recommendation_pipeline_dag.py for tasks to queue
[2026-05-05T11:39:46.229+0000] {logging_mixin.py:188} INFO - [2026-05-05T11:39:46.227+0000] {dagbag.py:538} INFO - Filling up the DagBag from /opt/airflow/dags/recommendation_pipeline_dag.py
[2026-05-05T11:39:46.368+0000] {processor.py:840} INFO - DAG(s) 'recommendation_pipeline' retrieved from /opt/airflow/dags/recommendation_pipeline_dag.py
[2026-05-05T11:39:46.532+0000] {logging_mixin.py:188} INFO - [2026-05-05T11:39:46.530+0000] {dag.py:3036} INFO - Sync 1 DAGs
[2026-05-05T11:39:46.620+0000] {logging_mixin.py:188} INFO - [2026-05-05T11:39:46.618+0000] {dag.py:3823} INFO - Setting next_dagrun for recommendation_pipeline to None, run_after=None
[2026-05-05T11:39:46.730+0000] {processor.py:183} INFO - Processing /opt/airflow/dags/recommendation_pipeline_dag.py took 0.550 seconds
[2026-05-05T11:40:17.787+0000] {processor.py:161} INFO - Started process (PID=584) to work on /opt/airflow/dags/recommendation_pipeline_dag.py
[2026-05-05T11:40:17.793+0000] {processor.py:830} INFO - Processing file /opt/airflow/dags/recommendation_pipeline_dag.py for tasks to queue
[2026-05-05T11:40:17.800+0000] {logging_mixin.py:188} INFO - [2026-05-05T11:40:17.798+0000] {dagbag.py:538} INFO - Filling up the DagBag from /opt/airflow/dags/recommendation_pipeline_dag.py
[2026-05-05T11:40:17.941+0000] {processor.py:840} INFO - DAG(s) 'recommendation_pipeline' retrieved from /opt/airflow/dags/recommendation_pipeline_dag.py
[2026-05-05T11:40:18.119+0000] {logging_mixin.py:188} INFO - [2026-05-05T11:40:18.118+0000] {dag.py:3036} INFO - Sync 1 DAGs
[2026-05-05T11:40:18.195+0000] {logging_mixin.py:188} INFO - [2026-05-05T11:40:18.194+0000] {dag.py:3823} INFO - Setting next_dagrun for recommendation_pipeline to None, run_after=None
[2026-05-05T11:40:18.316+0000] {processor.py:183} INFO - Processing /opt/airflow/dags/recommendation_pipeline_dag.py took 0.547 seconds
[2026-05-05T11:40:48.908+0000] {processor.py:161} INFO - Started process (PID=589) to work on /opt/airflow/dags/recommendation_pipeline_dag.py
[2026-05-05T11:40:48.910+0000] {processor.py:830} INFO - Processing file /opt/airflow/dags/recommendation_pipeline_dag.py for tasks to queue
[2026-05-05T11:40:48.912+0000] {logging_mixin.py:188} INFO - [2026-05-05T11:40:48.912+0000] {dagbag.py:538} INFO - Filling up the DagBag from /opt/airflow/dags/recommendation_pipeline_dag.py
[2026-05-05T11:40:48.953+0000] {processor.py:840} INFO - DAG(s) 'recommendation_pipeline' retrieved from /opt/airflow/dags/recommendation_pipeline_dag.py
[2026-05-05T11:40:49.000+0000] {logging_mixin.py:188} INFO - [2026-05-05T11:40:49.000+0000] {dag.py:3036} INFO - Sync 1 DAGs
[2026-05-05T11:40:49.019+0000] {logging_mixin.py:188} INFO - [2026-05-05T11:40:49.019+0000] {dag.py:3823} INFO - Setting next_dagrun for recommendation_pipeline to None, run_after=None
[2026-05-05T11:40:49.052+0000] {processor.py:183} INFO - Processing /opt/airflow/dags/recommendation_pipeline_dag.py took 0.156 seconds
[2026-05-05T11:41:19.927+0000] {processor.py:161} INFO - Started process (PID=594) to work on /opt/airflow/dags/recommendation_pipeline_dag.py
[2026-05-05T11:41:19.932+0000] {processor.py:830} INFO - Processing file /opt/airflow/dags/recommendation_pipeline_dag.py for tasks to queue
[2026-05-05T11:41:19.936+0000] {logging_mixin.py:188} INFO - [2026-05-05T11:41:19.935+0000] {dagbag.py:538} INFO - Filling up the DagBag from /opt/airflow/dags/recommendation_pipeline_dag.py
[2026-05-05T11:41:20.029+0000] {processor.py:840} INFO - DAG(s) 'recommendation_pipeline' retrieved from /opt/airflow/dags/recommendation_pipeline_dag.py
[2026-05-05T11:41:20.108+0000] {logging_mixin.py:188} INFO - [2026-05-05T11:41:20.108+0000] {dag.py:3036} INFO - Sync 1 DAGs
[2026-05-05T11:41:20.148+0000] {logging_mixin.py:188} INFO - [2026-05-05T11:41:20.148+0000] {dag.py:3823} INFO - Setting next_dagrun for recommendation_pipeline to None, run_after=None
[2026-05-05T11:41:20.217+0000] {processor.py:183} INFO - Processing /opt/airflow/dags/recommendation_pipeline_dag.py took 0.307 seconds
[2026-05-05T11:41:50.972+0000] {processor.py:161} INFO - Started process (PID=599) to work on /opt/airflow/dags/recommendation_pipeline_dag.py
[2026-05-05T11:41:50.980+0000] {processor.py:830} INFO - Processing file /opt/airflow/dags/recommendation_pipeline_dag.py for tasks to queue
[2026-05-05T11:41:50.986+0000] {logging_mixin.py:188} INFO - [2026-05-05T11:41:50.984+0000] {dagbag.py:538} INFO - Filling up the DagBag from /opt/airflow/dags/recommendation_pipeline_dag.py
[2026-05-05T11:41:51.091+0000] {processor.py:840} INFO - DAG(s) 'recommendation_pipeline' retrieved from /opt/airflow/dags/recommendation_pipeline_dag.py
[2026-05-05T11:41:51.187+0000] {logging_mixin.py:188} INFO - [2026-05-05T11:41:51.187+0000] {dag.py:3036} INFO - Sync 1 DAGs
[2026-05-05T11:41:51.231+0000] {logging_mixin.py:188} INFO - [2026-05-05T11:41:51.230+0000] {dag.py:3823} INFO - Setting next_dagrun for recommendation_pipeline to None, run_after=None
[2026-05-05T11:41:51.296+0000] {processor.py:183} INFO - Processing /opt/airflow/dags/recommendation_pipeline_dag.py took 0.355 seconds
[2026-05-05T11:42:22.327+0000] {processor.py:161} INFO - Started process (PID=604) to work on /opt/airflow/dags/recommendation_pipeline_dag.py
[2026-05-05T11:42:22.332+0000] {processor.py:830} INFO - Processing file /opt/airflow/dags/recommendation_pipeline_dag.py for tasks to queue
[2026-05-05T11:42:22.338+0000] {logging_mixin.py:188} INFO - [2026-05-05T11:42:22.337+0000] {dagbag.py:538} INFO - Filling up the DagBag from /opt/airflow/dags/recommendation_pipeline_dag.py
[2026-05-05T11:42:22.457+0000] {processor.py:840} INFO - DAG(s) 'recommendation_pipeline' retrieved from /opt/airflow/dags/recommendation_pipeline_dag.py
[2026-05-05T11:42:22.564+0000] {logging_mixin.py:188} INFO - [2026-05-05T11:42:22.562+0000] {dag.py:3036} INFO - Sync 1 DAGs
[2026-05-05T11:42:22.615+0000] {logging_mixin.py:188} INFO - [2026-05-05T11:42:22.614+0000] {dag.py:3823} INFO - Setting next_dagrun for recommendation_pipeline to None, run_after=None
[2026-05-05T11:42:22.689+0000] {processor.py:183} INFO - Processing /opt/airflow/dags/recommendation_pipeline_dag.py took 0.386 seconds
[2026-05-05T11:42:51.480+0000] {processor.py:161} INFO - Started process (PID=609) to work on /opt/airflow/dags/recommendation_pipeline_dag.py
[2026-05-05T11:42:51.488+0000] {processor.py:830} INFO - Processing file /opt/airflow/dags/recommendation_pipeline_dag.py for tasks to queue
[2026-05-05T11:42:51.497+0000] {logging_mixin.py:188} INFO - [2026-05-05T11:42:51.494+0000] {dagbag.py:538} INFO - Filling up the DagBag from /opt/airflow/dags/recommendation_pipeline_dag.py
[2026-05-05T11:42:51.705+0000] {processor.py:840} INFO - DAG(s) 'recommendation_pipeline' retrieved from /opt/airflow/dags/recommendation_pipeline_dag.py
[2026-05-05T11:42:52.026+0000] {logging_mixin.py:188} INFO - [2026-05-05T11:42:52.025+0000] {dag.py:3036} INFO - Sync 1 DAGs
[2026-05-05T11:42:52.045+0000] {logging_mixin.py:188} INFO - [2026-05-05T11:42:52.045+0000] {dag.py:3823} INFO - Setting next_dagrun for recommendation_pipeline to None, run_after=None
[2026-05-05T11:42:52.095+0000] {processor.py:183} INFO - Processing /opt/airflow/dags/recommendation_pipeline_dag.py took 0.642 seconds
[2026-05-05T11:42:52.201+0000] {processor.py:161} INFO - Started process (PID=614) to work on /opt/airflow/dags/recommendation_pipeline_dag.py
[2026-05-05T11:42:52.203+0000] {processor.py:830} INFO - Processing file /opt/airflow/dags/recommendation_pipeline_dag.py for tasks to queue
[2026-05-05T11:42:52.205+0000] {logging_mixin.py:188} INFO - [2026-05-05T11:42:52.204+0000] {dagbag.py:538} INFO - Filling up the DagBag from /opt/airflow/dags/recommendation_pipeline_dag.py
[2026-05-05T11:42:52.260+0000] {processor.py:840} INFO - DAG(s) 'recommendation_pipeline' retrieved from /opt/airflow/dags/recommendation_pipeline_dag.py
[2026-05-05T11:42:52.288+0000] {logging_mixin.py:188} INFO - [2026-05-05T11:42:52.287+0000] {dag.py:3036} INFO - Sync 1 DAGs
[2026-05-05T11:42:52.328+0000] {logging_mixin.py:188} INFO - [2026-05-05T11:42:52.327+0000] {dag.py:3823} INFO - Setting next_dagrun for recommendation_pipeline to None, run_after=None
[2026-05-05T11:42:52.386+0000] {processor.py:183} INFO - Processing /opt/airflow/dags/recommendation_pipeline_dag.py took 0.192 seconds
[2026-05-05T11:42:52.488+0000] {processor.py:161} INFO - Started process (PID=619) to work on /opt/airflow/dags/recommendation_pipeline_dag.py
[2026-05-05T11:42:52.490+0000] {processor.py:830} INFO - Processing file /opt/airflow/dags/recommendation_pipeline_dag.py for tasks to queue
[2026-05-05T11:42:52.492+0000] {logging_mixin.py:188} INFO - [2026-05-05T11:42:52.492+0000] {dagbag.py:538} INFO - Filling up the DagBag from /opt/airflow/dags/recommendation_pipeline_dag.py
[2026-05-05T11:42:52.531+0000] {processor.py:840} INFO - DAG(s) 'recommendation_pipeline' retrieved from /opt/airflow/dags/recommendation_pipeline_dag.py
[2026-05-05T11:42:52.558+0000] {logging_mixin.py:188} INFO - [2026-05-05T11:42:52.558+0000] {dag.py:3036} INFO - Sync 1 DAGs
[2026-05-05T11:42:52.577+0000] {logging_mixin.py:188} INFO - [2026-05-05T11:42:52.576+0000] {dag.py:3823} INFO - Setting next_dagrun for recommendation_pipeline to None, run_after=None
[2026-05-05T11:42:52.776+0000] {processor.py:183} INFO - Processing /opt/airflow/dags/recommendation_pipeline_dag.py took 0.294 seconds
[2026-05-05T11:42:52.996+0000] {processor.py:161} INFO - Started process (PID=624) to work on /opt/airflow/dags/recommendation_pipeline_dag.py
[2026-05-05T11:42:52.999+0000] {processor.py:830} INFO - Processing file /opt/airflow/dags/recommendation_pipeline_dag.py for tasks to queue
[2026-05-05T11:42:53.002+0000] {logging_mixin.py:188} INFO - [2026-05-05T11:42:53.001+0000] {dagbag.py:538} INFO - Filling up the DagBag from /opt/airflow/dags/recommendation_pipeline_dag.py
[2026-05-05T11:42:53.079+0000] {processor.py:840} INFO - DAG(s) 'recommendation_pipeline' retrieved from /opt/airflow/dags/recommendation_pipeline_dag.py
[2026-05-05T11:42:53.116+0000] {logging_mixin.py:188} INFO - [2026-05-05T11:42:53.116+0000] {dag.py:3036} INFO - Sync 1 DAGs
[2026-05-05T11:42:53.160+0000] {logging_mixin.py:188} INFO - [2026-05-05T11:42:53.159+0000] {dag.py:3823} INFO - Setting next_dagrun for recommendation_pipeline to None, run_after=None
[2026-05-05T11:42:53.233+0000] {processor.py:183} INFO - Processing /opt/airflow/dags/recommendation_pipeline_dag.py took 0.253 seconds
[2026-05-05T11:43:23.977+0000] {processor.py:161} INFO - Started process (PID=629) to work on /opt/airflow/dags/recommendation_pipeline_dag.py
[2026-05-05T11:43:23.981+0000] {processor.py:830} INFO - Processing file /opt/airflow/dags/recommendation_pipeline_dag.py for tasks to queue
[2026-05-05T11:43:23.985+0000] {logging_mixin.py:188} INFO - [2026-05-05T11:43:23.984+0000] {dagbag.py:538} INFO - Filling up the DagBag from /opt/airflow/dags/recommendation_pipeline_dag.py
[2026-05-05T11:43:24.063+0000] {processor.py:840} INFO - DAG(s) 'recommendation_pipeline' retrieved from /opt/airflow/dags/recommendation_pipeline_dag.py
[2026-05-05T11:43:24.154+0000] {logging_mixin.py:188} INFO - [2026-05-05T11:43:24.154+0000] {dag.py:3036} INFO - Sync 1 DAGs
[2026-05-05T11:43:24.194+0000] {logging_mixin.py:188} INFO - [2026-05-05T11:43:24.194+0000] {dag.py:3823} INFO - Setting next_dagrun for recommendation_pipeline to None, run_after=None
[2026-05-05T11:43:24.265+0000] {processor.py:183} INFO - Processing /opt/airflow/dags/recommendation_pipeline_dag.py took 0.303 seconds
[2026-05-05T11:43:55.321+0000] {processor.py:161} INFO - Started process (PID=634) to work on /opt/airflow/dags/recommendation_pipeline_dag.py
[2026-05-05T11:43:55.322+0000] {processor.py:830} INFO - Processing file /opt/airflow/dags/recommendation_pipeline_dag.py for tasks to queue
[2026-05-05T11:43:55.324+0000] {logging_mixin.py:188} INFO - [2026-05-05T11:43:55.324+0000] {dagbag.py:538} INFO - Filling up the DagBag from /opt/airflow/dags/recommendation_pipeline_dag.py
[2026-05-05T11:43:55.352+0000] {processor.py:840} INFO - DAG(s) 'recommendation_pipeline' retrieved from /opt/airflow/dags/recommendation_pipeline_dag.py
[2026-05-05T11:43:55.391+0000] {logging_mixin.py:188} INFO - [2026-05-05T11:43:55.391+0000] {dag.py:3036} INFO - Sync 1 DAGs
[2026-05-05T11:43:55.409+0000] {logging_mixin.py:188} INFO - [2026-05-05T11:43:55.409+0000] {dag.py:3823} INFO - Setting next_dagrun for recommendation_pipeline to None, run_after=None
[2026-05-05T11:43:55.448+0000] {processor.py:183} INFO - Processing /opt/airflow/dags/recommendation_pipeline_dag.py took 0.134 seconds
[2026-05-05T11:45:03.807+0000] {processor.py:161} INFO - Started process (PID=171) to work on /opt/airflow/dags/recommendation_pipeline_dag.py
[2026-05-05T11:45:03.812+0000] {processor.py:830} INFO - Processing file /opt/airflow/dags/recommendation_pipeline_dag.py for tasks to queue
[2026-05-05T11:45:03.814+0000] {logging_mixin.py:188} INFO - [2026-05-05T11:45:03.813+0000] {dagbag.py:538} INFO - Filling up the DagBag from /opt/airflow/dags/recommendation_pipeline_dag.py
[2026-05-05T11:45:03.897+0000] {processor.py:840} INFO - DAG(s) 'recommendation_pipeline' retrieved from /opt/airflow/dags/recommendation_pipeline_dag.py
[2026-05-05T11:45:03.967+0000] {logging_mixin.py:188} INFO - [2026-05-05T11:45:03.966+0000] {dag.py:3036} INFO - Sync 1 DAGs
[2026-05-05T11:45:04.013+0000] {logging_mixin.py:188} INFO - [2026-05-05T11:45:04.012+0000] {dag.py:3823} INFO - Setting next_dagrun for recommendation_pipeline to None, run_after=None
[2026-05-05T11:45:04.062+0000] {processor.py:183} INFO - Processing /opt/airflow/dags/recommendation_pipeline_dag.py took 0.268 seconds
[2026-05-05T11:45:34.809+0000] {processor.py:161} INFO - Started process (PID=176) to work on /opt/airflow/dags/recommendation_pipeline_dag.py
[2026-05-05T11:45:34.816+0000] {processor.py:830} INFO - Processing file /opt/airflow/dags/recommendation_pipeline_dag.py for tasks to queue
[2026-05-05T11:45:34.823+0000] {logging_mixin.py:188} INFO - [2026-05-05T11:45:34.821+0000] {dagbag.py:538} INFO - Filling up the DagBag from /opt/airflow/dags/recommendation_pipeline_dag.py
[2026-05-05T11:45:34.963+0000] {processor.py:840} INFO - DAG(s) 'recommendation_pipeline' retrieved from /opt/airflow/dags/recommendation_pipeline_dag.py
[2026-05-05T11:45:35.304+0000] {logging_mixin.py:188} INFO - [2026-05-05T11:45:35.303+0000] {dag.py:3036} INFO - Sync 1 DAGs
[2026-05-05T11:45:35.322+0000] {logging_mixin.py:188} INFO - [2026-05-05T11:45:35.321+0000] {dag.py:3823} INFO - Setting next_dagrun for recommendation_pipeline to None, run_after=None
[2026-05-05T11:45:35.371+0000] {processor.py:183} INFO - Processing /opt/airflow/dags/recommendation_pipeline_dag.py took 0.588 seconds
[2026-05-05T11:46:05.796+0000] {processor.py:161} INFO - Started process (PID=181) to work on /opt/airflow/dags/recommendation_pipeline_dag.py
[2026-05-05T11:46:05.804+0000] {processor.py:830} INFO - Processing file /opt/airflow/dags/recommendation_pipeline_dag.py for tasks to queue
[2026-05-05T11:46:05.812+0000] {logging_mixin.py:188} INFO - [2026-05-05T11:46:05.809+0000] {dagbag.py:538} INFO - Filling up the DagBag from /opt/airflow/dags/recommendation_pipeline_dag.py
[2026-05-05T11:46:05.949+0000] {processor.py:840} INFO - DAG(s) 'recommendation_pipeline' retrieved from /opt/airflow/dags/recommendation_pipeline_dag.py
[2026-05-05T11:46:06.110+0000] {logging_mixin.py:188} INFO - [2026-05-05T11:46:06.110+0000] {dag.py:3036} INFO - Sync 1 DAGs
[2026-05-05T11:46:06.144+0000] {logging_mixin.py:188} INFO - [2026-05-05T11:46:06.144+0000] {dag.py:3823} INFO - Setting next_dagrun for recommendation_pipeline to None, run_after=None
[2026-05-05T11:46:06.211+0000] {processor.py:183} INFO - Processing /opt/airflow/dags/recommendation_pipeline_dag.py took 0.448 seconds
[2026-05-05T11:46:36.541+0000] {processor.py:161} INFO - Started process (PID=226) to work on /opt/airflow/dags/recommendation_pipeline_dag.py
[2026-05-05T11:46:36.544+0000] {processor.py:830} INFO - Processing file /opt/airflow/dags/recommendation_pipeline_dag.py for tasks to queue
[2026-05-05T11:46:36.548+0000] {logging_mixin.py:188} INFO - [2026-05-05T11:46:36.547+0000] {dagbag.py:538} INFO - Filling up the DagBag from /opt/airflow/dags/recommendation_pipeline_dag.py
[2026-05-05T11:46:36.639+0000] {processor.py:840} INFO - DAG(s) 'recommendation_pipeline' retrieved from /opt/airflow/dags/recommendation_pipeline_dag.py
[2026-05-05T11:46:36.733+0000] {logging_mixin.py:188} INFO - [2026-05-05T11:46:36.732+0000] {dag.py:3036} INFO - Sync 1 DAGs
[2026-05-05T11:46:36.776+0000] {logging_mixin.py:188} INFO - [2026-05-05T11:46:36.775+0000] {dag.py:3823} INFO - Setting next_dagrun for recommendation_pipeline to None, run_after=None
[2026-05-05T11:46:36.843+0000] {processor.py:183} INFO - Processing /opt/airflow/dags/recommendation_pipeline_dag.py took 0.311 seconds
[2026-05-05T11:47:07.146+0000] {processor.py:161} INFO - Started process (PID=253) to work on /opt/airflow/dags/recommendation_pipeline_dag.py
[2026-05-05T11:47:07.149+0000] {processor.py:830} INFO - Processing file /opt/airflow/dags/recommendation_pipeline_dag.py for tasks to queue
[2026-05-05T11:47:07.151+0000] {logging_mixin.py:188} INFO - [2026-05-05T11:47:07.150+0000] {dagbag.py:538} INFO - Filling up the DagBag from /opt/airflow/dags/recommendation_pipeline_dag.py
[2026-05-05T11:47:07.194+0000] {processor.py:840} INFO - DAG(s) 'recommendation_pipeline' retrieved from /opt/airflow/dags/recommendation_pipeline_dag.py
[2026-05-05T11:47:07.254+0000] {logging_mixin.py:188} INFO - [2026-05-05T11:47:07.253+0000] {dag.py:3036} INFO - Sync 1 DAGs
[2026-05-05T11:47:07.283+0000] {logging_mixin.py:188} INFO - [2026-05-05T11:47:07.283+0000] {dag.py:3823} INFO - Setting next_dagrun for recommendation_pipeline to None, run_after=None
[2026-05-05T11:47:07.333+0000] {processor.py:183} INFO - Processing /opt/airflow/dags/recommendation_pipeline_dag.py took 0.204 seconds
[2026-05-05T11:47:38.141+0000] {processor.py:161} INFO - Started process (PID=262) to work on /opt/airflow/dags/recommendation_pipeline_dag.py
[2026-05-05T11:47:38.142+0000] {processor.py:830} INFO - Processing file /opt/airflow/dags/recommendation_pipeline_dag.py for tasks to queue
[2026-05-05T11:47:38.144+0000] {logging_mixin.py:188} INFO - [2026-05-05T11:47:38.144+0000] {dagbag.py:538} INFO - Filling up the DagBag from /opt/airflow/dags/recommendation_pipeline_dag.py
[2026-05-05T11:47:38.183+0000] {processor.py:840} INFO - DAG(s) 'recommendation_pipeline' retrieved from /opt/airflow/dags/recommendation_pipeline_dag.py
[2026-05-05T11:47:38.231+0000] {logging_mixin.py:188} INFO - [2026-05-05T11:47:38.231+0000] {dag.py:3036} INFO - Sync 1 DAGs
[2026-05-05T11:47:38.253+0000] {logging_mixin.py:188} INFO - [2026-05-05T11:47:38.252+0000] {dag.py:3823} INFO - Setting next_dagrun for recommendation_pipeline to None, run_after=None
[2026-05-05T11:47:38.291+0000] {processor.py:183} INFO - Processing /opt/airflow/dags/recommendation_pipeline_dag.py took 0.156 seconds
[2026-05-05T11:48:09.113+0000] {processor.py:161} INFO - Started process (PID=301) to work on /opt/airflow/dags/recommendation_pipeline_dag.py
[2026-05-05T11:48:09.115+0000] {processor.py:830} INFO - Processing file /opt/airflow/dags/recommendation_pipeline_dag.py for tasks to queue
[2026-05-05T11:48:09.117+0000] {logging_mixin.py:188} INFO - [2026-05-05T11:48:09.116+0000] {dagbag.py:538} INFO - Filling up the DagBag from /opt/airflow/dags/recommendation_pipeline_dag.py
[2026-05-05T11:48:09.157+0000] {processor.py:840} INFO - DAG(s) 'recommendation_pipeline' retrieved from /opt/airflow/dags/recommendation_pipeline_dag.py
[2026-05-05T11:48:09.232+0000] {logging_mixin.py:188} INFO - [2026-05-05T11:48:09.232+0000] {dag.py:3036} INFO - Sync 1 DAGs
[2026-05-05T11:48:09.256+0000] {logging_mixin.py:188} INFO - [2026-05-05T11:48:09.256+0000] {dag.py:3823} INFO - Setting next_dagrun for recommendation_pipeline to None, run_after=None
[2026-05-05T11:48:09.294+0000] {processor.py:183} INFO - Processing /opt/airflow/dags/recommendation_pipeline_dag.py took 0.186 seconds
[2026-05-05T11:48:40.240+0000] {processor.py:161} INFO - Started process (PID=306) to work on /opt/airflow/dags/recommendation_pipeline_dag.py
[2026-05-05T11:48:40.245+0000] {processor.py:830} INFO - Processing file /opt/airflow/dags/recommendation_pipeline_dag.py for tasks to queue
[2026-05-05T11:48:40.251+0000] {logging_mixin.py:188} INFO - [2026-05-05T11:48:40.249+0000] {dagbag.py:538} INFO - Filling up the DagBag from /opt/airflow/dags/recommendation_pipeline_dag.py
[2026-05-05T11:48:40.382+0000] {processor.py:840} INFO - DAG(s) 'recommendation_pipeline' retrieved from /opt/airflow/dags/recommendation_pipeline_dag.py
[2026-05-05T11:48:40.529+0000] {logging_mixin.py:188} INFO - [2026-05-05T11:48:40.528+0000] {dag.py:3036} INFO - Sync 1 DAGs
[2026-05-05T11:48:40.565+0000] {logging_mixin.py:188} INFO - [2026-05-05T11:48:40.565+0000] {dag.py:3823} INFO - Setting next_dagrun for recommendation_pipeline to None, run_after=None
[2026-05-05T11:48:40.625+0000] {processor.py:183} INFO - Processing /opt/airflow/dags/recommendation_pipeline_dag.py took 0.402 seconds
[2026-05-05T11:49:11.291+0000] {processor.py:161} INFO - Started process (PID=311) to work on /opt/airflow/dags/recommendation_pipeline_dag.py
[2026-05-05T11:49:11.297+0000] {processor.py:830} INFO - Processing file /opt/airflow/dags/recommendation_pipeline_dag.py for tasks to queue
[2026-05-05T11:49:11.303+0000] {logging_mixin.py:188} INFO - [2026-05-05T11:49:11.301+0000] {dagbag.py:538} INFO - Filling up the DagBag from /opt/airflow/dags/recommendation_pipeline_dag.py
[2026-05-05T11:49:11.429+0000] {processor.py:840} INFO - DAG(s) 'recommendation_pipeline' retrieved from /opt/airflow/dags/recommendation_pipeline_dag.py
[2026-05-05T11:49:11.581+0000] {logging_mixin.py:188} INFO - [2026-05-05T11:49:11.580+0000] {dag.py:3036} INFO - Sync 1 DAGs
[2026-05-05T11:49:11.652+0000] {logging_mixin.py:188} INFO - [2026-05-05T11:49:11.651+0000] {dag.py:3823} INFO - Setting next_dagrun for recommendation_pipeline to None, run_after=None
[2026-05-05T11:49:11.757+0000] {processor.py:183} INFO - Processing /opt/airflow/dags/recommendation_pipeline_dag.py took 0.531 seconds
[2026-05-05T11:49:42.650+0000] {processor.py:161} INFO - Started process (PID=316) to work on /opt/airflow/dags/recommendation_pipeline_dag.py
[2026-05-05T11:49:42.655+0000] {processor.py:830} INFO - Processing file /opt/airflow/dags/recommendation_pipeline_dag.py for tasks to queue
[2026-05-05T11:49:42.661+0000] {logging_mixin.py:188} INFO - [2026-05-05T11:49:42.659+0000] {dagbag.py:538} INFO - Filling up the DagBag from /opt/airflow/dags/recommendation_pipeline_dag.py
[2026-05-05T11:49:42.798+0000] {processor.py:840} INFO - DAG(s) 'recommendation_pipeline' retrieved from /opt/airflow/dags/recommendation_pipeline_dag.py
[2026-05-05T11:49:42.904+0000] {logging_mixin.py:188} INFO - [2026-05-05T11:49:42.903+0000] {dag.py:3036} INFO - Sync 1 DAGs
[2026-05-05T11:49:42.950+0000] {logging_mixin.py:188} INFO - [2026-05-05T11:49:42.949+0000] {dag.py:3823} INFO - Setting next_dagrun for recommendation_pipeline to None, run_after=None
[2026-05-05T11:49:43.019+0000] {processor.py:183} INFO - Processing /opt/airflow/dags/recommendation_pipeline_dag.py took 0.386 seconds
[2026-05-05T11:50:13.723+0000] {processor.py:161} INFO - Started process (PID=321) to work on /opt/airflow/dags/recommendation_pipeline_dag.py
[2026-05-05T11:50:13.728+0000] {processor.py:830} INFO - Processing file /opt/airflow/dags/recommendation_pipeline_dag.py for tasks to queue
[2026-05-05T11:50:13.734+0000] {logging_mixin.py:188} INFO - [2026-05-05T11:50:13.733+0000] {dagbag.py:538} INFO - Filling up the DagBag from /opt/airflow/dags/recommendation_pipeline_dag.py
[2026-05-05T11:50:13.860+0000] {processor.py:840} INFO - DAG(s) 'recommendation_pipeline' retrieved from /opt/airflow/dags/recommendation_pipeline_dag.py
[2026-05-05T11:50:14.006+0000] {logging_mixin.py:188} INFO - [2026-05-05T11:50:14.005+0000] {dag.py:3036} INFO - Sync 1 DAGs
[2026-05-05T11:50:14.035+0000] {logging_mixin.py:188} INFO - [2026-05-05T11:50:14.035+0000] {dag.py:3823} INFO - Setting next_dagrun for recommendation_pipeline to None, run_after=None
[2026-05-05T11:50:14.079+0000] {processor.py:183} INFO - Processing /opt/airflow/dags/recommendation_pipeline_dag.py took 0.378 seconds
[2026-05-05T11:50:45.086+0000] {processor.py:161} INFO - Started process (PID=326) to work on /opt/airflow/dags/recommendation_pipeline_dag.py
[2026-05-05T11:50:45.095+0000] {processor.py:830} INFO - Processing file /opt/airflow/dags/recommendation_pipeline_dag.py for tasks to queue
[2026-05-05T11:50:45.107+0000] {logging_mixin.py:188} INFO - [2026-05-05T11:50:45.106+0000] {dagbag.py:538} INFO - Filling up the DagBag from /opt/airflow/dags/recommendation_pipeline_dag.py
[2026-05-05T11:50:45.165+0000] {processor.py:840} INFO - DAG(s) 'recommendation_pipeline' retrieved from /opt/airflow/dags/recommendation_pipeline_dag.py
[2026-05-05T11:50:45.276+0000] {logging_mixin.py:188} INFO - [2026-05-05T11:50:45.275+0000] {dag.py:3036} INFO - Sync 1 DAGs
[2026-05-05T11:50:45.302+0000] {logging_mixin.py:188} INFO - [2026-05-05T11:50:45.302+0000] {dag.py:3823} INFO - Setting next_dagrun for recommendation_pipeline to None, run_after=None
[2026-05-05T11:50:45.336+0000] {processor.py:183} INFO - Processing /opt/airflow/dags/recommendation_pipeline_dag.py took 0.258 seconds
[2026-05-05T11:51:15.732+0000] {processor.py:161} INFO - Started process (PID=331) to work on /opt/airflow/dags/recommendation_pipeline_dag.py
[2026-05-05T11:51:15.737+0000] {processor.py:830} INFO - Processing file /opt/airflow/dags/recommendation_pipeline_dag.py for tasks to queue
[2026-05-05T11:51:15.744+0000] {logging_mixin.py:188} INFO - [2026-05-05T11:51:15.742+0000] {dagbag.py:538} INFO - Filling up the DagBag from /opt/airflow/dags/recommendation_pipeline_dag.py
[2026-05-05T11:51:15.883+0000] {processor.py:840} INFO - DAG(s) 'recommendation_pipeline' retrieved from /opt/airflow/dags/recommendation_pipeline_dag.py
[2026-05-05T11:51:16.035+0000] {logging_mixin.py:188} INFO - [2026-05-05T11:51:16.034+0000] {dag.py:3036} INFO - Sync 1 DAGs
[2026-05-05T11:51:16.077+0000] {logging_mixin.py:188} INFO - [2026-05-05T11:51:16.076+0000] {dag.py:3823} INFO - Setting next_dagrun for recommendation_pipeline to None, run_after=None
[2026-05-05T11:51:16.157+0000] {processor.py:183} INFO - Processing /opt/airflow/dags/recommendation_pipeline_dag.py took 0.450 seconds
[2026-05-05T11:51:46.705+0000] {processor.py:161} INFO - Started process (PID=336) to work on /opt/airflow/dags/recommendation_pipeline_dag.py
[2026-05-05T11:51:46.711+0000] {processor.py:830} INFO - Processing file /opt/airflow/dags/recommendation_pipeline_dag.py for tasks to queue
[2026-05-05T11:51:46.717+0000] {logging_mixin.py:188} INFO - [2026-05-05T11:51:46.715+0000] {dagbag.py:538} INFO - Filling up the DagBag from /opt/airflow/dags/recommendation_pipeline_dag.py
[2026-05-05T11:51:46.858+0000] {processor.py:840} INFO - DAG(s) 'recommendation_pipeline' retrieved from /opt/airflow/dags/recommendation_pipeline_dag.py
[2026-05-05T11:51:47.032+0000] {logging_mixin.py:188} INFO - [2026-05-05T11:51:47.031+0000] {dag.py:3036} INFO - Sync 1 DAGs
[2026-05-05T11:51:47.104+0000] {logging_mixin.py:188} INFO - [2026-05-05T11:51:47.102+0000] {dag.py:3823} INFO - Setting next_dagrun for recommendation_pipeline to None, run_after=None
[2026-05-05T11:51:47.217+0000] {processor.py:183} INFO - Processing /opt/airflow/dags/recommendation_pipeline_dag.py took 0.535 seconds
[2026-05-05T11:52:18.151+0000] {processor.py:161} INFO - Started process (PID=341) to work on /opt/airflow/dags/recommendation_pipeline_dag.py
[2026-05-05T11:52:18.155+0000] {processor.py:830} INFO - Processing file /opt/airflow/dags/recommendation_pipeline_dag.py for tasks to queue
[2026-05-05T11:52:18.168+0000] {logging_mixin.py:188} INFO - [2026-05-05T11:52:18.166+0000] {dagbag.py:538} INFO - Filling up the DagBag from /opt/airflow/dags/recommendation_pipeline_dag.py
[2026-05-05T11:52:18.262+0000] {processor.py:840} INFO - DAG(s) 'recommendation_pipeline' retrieved from /opt/airflow/dags/recommendation_pipeline_dag.py
[2026-05-05T11:52:18.362+0000] {logging_mixin.py:188} INFO - [2026-05-05T11:52:18.361+0000] {dag.py:3036} INFO - Sync 1 DAGs
[2026-05-05T11:52:18.410+0000] {logging_mixin.py:188} INFO - [2026-05-05T11:52:18.409+0000] {dag.py:3823} INFO - Setting next_dagrun for recommendation_pipeline to None, run_after=None
[2026-05-05T11:52:18.513+0000] {processor.py:183} INFO - Processing /opt/airflow/dags/recommendation_pipeline_dag.py took 0.378 seconds
[2026-05-05T11:52:49.216+0000] {processor.py:161} INFO - Started process (PID=346) to work on /opt/airflow/dags/recommendation_pipeline_dag.py
[2026-05-05T11:52:49.222+0000] {processor.py:830} INFO - Processing file /opt/airflow/dags/recommendation_pipeline_dag.py for tasks to queue
[2026-05-05T11:52:49.228+0000] {logging_mixin.py:188} INFO - [2026-05-05T11:52:49.226+0000] {dagbag.py:538} INFO - Filling up the DagBag from /opt/airflow/dags/recommendation_pipeline_dag.py
[2026-05-05T11:52:49.354+0000] {processor.py:840} INFO - DAG(s) 'recommendation_pipeline' retrieved from /opt/airflow/dags/recommendation_pipeline_dag.py
[2026-05-05T11:52:49.503+0000] {logging_mixin.py:188} INFO - [2026-05-05T11:52:49.503+0000] {dag.py:3036} INFO - Sync 1 DAGs
[2026-05-05T11:52:49.542+0000] {logging_mixin.py:188} INFO - [2026-05-05T11:52:49.542+0000] {dag.py:3823} INFO - Setting next_dagrun for recommendation_pipeline to None, run_after=None
[2026-05-05T11:52:49.612+0000] {processor.py:183} INFO - Processing /opt/airflow/dags/recommendation_pipeline_dag.py took 0.416 seconds
[2026-05-05T11:53:20.356+0000] {processor.py:161} INFO - Started process (PID=351) to work on /opt/airflow/dags/recommendation_pipeline_dag.py
[2026-05-05T11:53:20.358+0000] {processor.py:830} INFO - Processing file /opt/airflow/dags/recommendation_pipeline_dag.py for tasks to queue
[2026-05-05T11:53:20.361+0000] {logging_mixin.py:188} INFO - [2026-05-05T11:53:20.360+0000] {dagbag.py:538} INFO - Filling up the DagBag from /opt/airflow/dags/recommendation_pipeline_dag.py
[2026-05-05T11:53:20.390+0000] {processor.py:840} INFO - DAG(s) 'recommendation_pipeline' retrieved from /opt/airflow/dags/recommendation_pipeline_dag.py
[2026-05-05T11:53:20.432+0000] {logging_mixin.py:188} INFO - [2026-05-05T11:53:20.432+0000] {dag.py:3036} INFO - Sync 1 DAGs
[2026-05-05T11:53:20.451+0000] {logging_mixin.py:188} INFO - [2026-05-05T11:53:20.451+0000] {dag.py:3823} INFO - Setting next_dagrun for recommendation_pipeline to None, run_after=None
[2026-05-05T11:53:20.483+0000] {processor.py:183} INFO - Processing /opt/airflow/dags/recommendation_pipeline_dag.py took 0.132 seconds
[2026-05-05T11:53:51.442+0000] {processor.py:161} INFO - Started process (PID=356) to work on /opt/airflow/dags/recommendation_pipeline_dag.py
[2026-05-05T11:53:51.445+0000] {processor.py:830} INFO - Processing file /opt/airflow/dags/recommendation_pipeline_dag.py for tasks to queue
[2026-05-05T11:53:51.447+0000] {logging_mixin.py:188} INFO - [2026-05-05T11:53:51.446+0000] {dagbag.py:538} INFO - Filling up the DagBag from /opt/airflow/dags/recommendation_pipeline_dag.py
[2026-05-05T11:53:51.517+0000] {processor.py:840} INFO - DAG(s) 'recommendation_pipeline' retrieved from /opt/airflow/dags/recommendation_pipeline_dag.py
[2026-05-05T11:53:51.644+0000] {logging_mixin.py:188} INFO - [2026-05-05T11:53:51.643+0000] {dag.py:3036} INFO - Sync 1 DAGs
[2026-05-05T11:53:51.702+0000] {logging_mixin.py:188} INFO - [2026-05-05T11:53:51.701+0000] {dag.py:3823} INFO - Setting next_dagrun for recommendation_pipeline to None, run_after=None
[2026-05-05T11:53:51.784+0000] {processor.py:183} INFO - Processing /opt/airflow/dags/recommendation_pipeline_dag.py took 0.350 seconds
[2026-05-05T11:54:22.362+0000] {processor.py:161} INFO - Started process (PID=361) to work on /opt/airflow/dags/recommendation_pipeline_dag.py
[2026-05-05T11:54:22.365+0000] {processor.py:830} INFO - Processing file /opt/airflow/dags/recommendation_pipeline_dag.py for tasks to queue
[2026-05-05T11:54:22.369+0000] {logging_mixin.py:188} INFO - [2026-05-05T11:54:22.368+0000] {dagbag.py:538} INFO - Filling up the DagBag from /opt/airflow/dags/recommendation_pipeline_dag.py
[2026-05-05T11:54:22.446+0000] {processor.py:840} INFO - DAG(s) 'recommendation_pipeline' retrieved from /opt/airflow/dags/recommendation_pipeline_dag.py
[2026-05-05T11:54:22.539+0000] {logging_mixin.py:188} INFO - [2026-05-05T11:54:22.538+0000] {dag.py:3036} INFO - Sync 1 DAGs
[2026-05-05T11:54:22.574+0000] {logging_mixin.py:188} INFO - [2026-05-05T11:54:22.574+0000] {dag.py:3823} INFO - Setting next_dagrun for recommendation_pipeline to None, run_after=None
[2026-05-05T11:54:22.635+0000] {processor.py:183} INFO - Processing /opt/airflow/dags/recommendation_pipeline_dag.py took 0.283 seconds
[2026-05-05T11:54:53.424+0000] {processor.py:161} INFO - Started process (PID=366) to work on /opt/airflow/dags/recommendation_pipeline_dag.py
[2026-05-05T11:54:53.430+0000] {processor.py:830} INFO - Processing file /opt/airflow/dags/recommendation_pipeline_dag.py for tasks to queue
[2026-05-05T11:54:53.438+0000] {logging_mixin.py:188} INFO - [2026-05-05T11:54:53.435+0000] {dagbag.py:538} INFO - Filling up the DagBag from /opt/airflow/dags/recommendation_pipeline_dag.py
[2026-05-05T11:54:53.568+0000] {processor.py:840} INFO - DAG(s) 'recommendation_pipeline' retrieved from /opt/airflow/dags/recommendation_pipeline_dag.py
[2026-05-05T11:54:53.705+0000] {logging_mixin.py:188} INFO - [2026-05-05T11:54:53.704+0000] {dag.py:3036} INFO - Sync 1 DAGs
[2026-05-05T11:54:53.734+0000] {logging_mixin.py:188} INFO - [2026-05-05T11:54:53.733+0000] {dag.py:3823} INFO - Setting next_dagrun for recommendation_pipeline to None, run_after=None
[2026-05-05T11:54:53.781+0000] {processor.py:183} INFO - Processing /opt/airflow/dags/recommendation_pipeline_dag.py took 0.375 seconds
[2026-05-05T11:55:24.088+0000] {processor.py:161} INFO - Started process (PID=371) to work on /opt/airflow/dags/recommendation_pipeline_dag.py
[2026-05-05T11:55:24.093+0000] {processor.py:830} INFO - Processing file /opt/airflow/dags/recommendation_pipeline_dag.py for tasks to queue
[2026-05-05T11:55:24.099+0000] {logging_mixin.py:188} INFO - [2026-05-05T11:55:24.098+0000] {dagbag.py:538} INFO - Filling up the DagBag from /opt/airflow/dags/recommendation_pipeline_dag.py
[2026-05-05T11:55:24.212+0000] {processor.py:840} INFO - DAG(s) 'recommendation_pipeline' retrieved from /opt/airflow/dags/recommendation_pipeline_dag.py
[2026-05-05T11:55:24.366+0000] {logging_mixin.py:188} INFO - [2026-05-05T11:55:24.364+0000] {dag.py:3036} INFO - Sync 1 DAGs
[2026-05-05T11:55:24.439+0000] {logging_mixin.py:188} INFO - [2026-05-05T11:55:24.438+0000] {dag.py:3823} INFO - Setting next_dagrun for recommendation_pipeline to None, run_after=None
[2026-05-05T11:55:24.547+0000] {processor.py:183} INFO - Processing /opt/airflow/dags/recommendation_pipeline_dag.py took 0.476 seconds
[2026-05-05T11:55:55.130+0000] {processor.py:161} INFO - Started process (PID=376) to work on /opt/airflow/dags/recommendation_pipeline_dag.py
[2026-05-05T11:55:55.134+0000] {processor.py:830} INFO - Processing file /opt/airflow/dags/recommendation_pipeline_dag.py for tasks to queue
[2026-05-05T11:55:55.138+0000] {logging_mixin.py:188} INFO - [2026-05-05T11:55:55.137+0000] {dagbag.py:538} INFO - Filling up the DagBag from /opt/airflow/dags/recommendation_pipeline_dag.py
[2026-05-05T11:55:55.233+0000] {processor.py:840} INFO - DAG(s) 'recommendation_pipeline' retrieved from /opt/airflow/dags/recommendation_pipeline_dag.py
[2026-05-05T11:55:55.381+0000] {logging_mixin.py:188} INFO - [2026-05-05T11:55:55.381+0000] {dag.py:3036} INFO - Sync 1 DAGs
[2026-05-05T11:55:55.452+0000] {logging_mixin.py:188} INFO - [2026-05-05T11:55:55.452+0000] {dag.py:3823} INFO - Setting next_dagrun for recommendation_pipeline to None, run_after=None
[2026-05-05T11:55:55.548+0000] {processor.py:183} INFO - Processing /opt/airflow/dags/recommendation_pipeline_dag.py took 0.430 seconds
[2026-05-05T11:56:26.113+0000] {processor.py:161} INFO - Started process (PID=381) to work on /opt/airflow/dags/recommendation_pipeline_dag.py
[2026-05-05T11:56:26.123+0000] {processor.py:830} INFO - Processing file /opt/airflow/dags/recommendation_pipeline_dag.py for tasks to queue
[2026-05-05T11:56:26.130+0000] {logging_mixin.py:188} INFO - [2026-05-05T11:56:26.128+0000] {dagbag.py:538} INFO - Filling up the DagBag from /opt/airflow/dags/recommendation_pipeline_dag.py
[2026-05-05T11:56:26.331+0000] {processor.py:840} INFO - DAG(s) 'recommendation_pipeline' retrieved from /opt/airflow/dags/recommendation_pipeline_dag.py
[2026-05-05T11:56:26.528+0000] {logging_mixin.py:188} INFO - [2026-05-05T11:56:26.527+0000] {dag.py:3036} INFO - Sync 1 DAGs
[2026-05-05T11:56:26.605+0000] {logging_mixin.py:188} INFO - [2026-05-05T11:56:26.604+0000] {dag.py:3823} INFO - Setting next_dagrun for recommendation_pipeline to None, run_after=None
[2026-05-05T11:56:26.719+0000] {processor.py:183} INFO - Processing /opt/airflow/dags/recommendation_pipeline_dag.py took 0.625 seconds
[2026-05-05T11:56:57.732+0000] {processor.py:161} INFO - Started process (PID=386) to work on /opt/airflow/dags/recommendation_pipeline_dag.py
[2026-05-05T11:56:57.737+0000] {processor.py:830} INFO - Processing file /opt/airflow/dags/recommendation_pipeline_dag.py for tasks to queue
[2026-05-05T11:56:57.741+0000] {logging_mixin.py:188} INFO - [2026-05-05T11:56:57.739+0000] {dagbag.py:538} INFO - Filling up the DagBag from /opt/airflow/dags/recommendation_pipeline_dag.py
[2026-05-05T11:56:57.846+0000] {processor.py:840} INFO - DAG(s) 'recommendation_pipeline' retrieved from /opt/airflow/dags/recommendation_pipeline_dag.py
[2026-05-05T11:56:57.945+0000] {logging_mixin.py:188} INFO - [2026-05-05T11:56:57.945+0000] {dag.py:3036} INFO - Sync 1 DAGs
[2026-05-05T11:56:57.979+0000] {logging_mixin.py:188} INFO - [2026-05-05T11:56:57.978+0000] {dag.py:3823} INFO - Setting next_dagrun for recommendation_pipeline to None, run_after=None
[2026-05-05T11:56:58.028+0000] {processor.py:183} INFO - Processing /opt/airflow/dags/recommendation_pipeline_dag.py took 0.307 seconds
[2026-05-05T11:57:28.746+0000] {processor.py:161} INFO - Started process (PID=391) to work on /opt/airflow/dags/recommendation_pipeline_dag.py
[2026-05-05T11:57:28.750+0000] {processor.py:830} INFO - Processing file /opt/airflow/dags/recommendation_pipeline_dag.py for tasks to queue
[2026-05-05T11:57:28.753+0000] {logging_mixin.py:188} INFO - [2026-05-05T11:57:28.752+0000] {dagbag.py:538} INFO - Filling up the DagBag from /opt/airflow/dags/recommendation_pipeline_dag.py
[2026-05-05T11:57:28.833+0000] {processor.py:840} INFO - DAG(s) 'recommendation_pipeline' retrieved from /opt/airflow/dags/recommendation_pipeline_dag.py
[2026-05-05T11:57:28.949+0000] {logging_mixin.py:188} INFO - [2026-05-05T11:57:28.948+0000] {dag.py:3036} INFO - Sync 1 DAGs
[2026-05-05T11:57:29.008+0000] {logging_mixin.py:188} INFO - [2026-05-05T11:57:29.007+0000] {dag.py:3823} INFO - Setting next_dagrun for recommendation_pipeline to None, run_after=None
[2026-05-05T11:57:29.081+0000] {processor.py:183} INFO - Processing /opt/airflow/dags/recommendation_pipeline_dag.py took 0.345 seconds
[2026-05-05T11:57:59.990+0000] {processor.py:161} INFO - Started process (PID=396) to work on /opt/airflow/dags/recommendation_pipeline_dag.py
[2026-05-05T11:57:59.993+0000] {processor.py:830} INFO - Processing file /opt/airflow/dags/recommendation_pipeline_dag.py for tasks to queue
[2026-05-05T11:57:59.996+0000] {logging_mixin.py:188} INFO - [2026-05-05T11:57:59.996+0000] {dagbag.py:538} INFO - Filling up the DagBag from /opt/airflow/dags/recommendation_pipeline_dag.py
[2026-05-05T11:58:00.078+0000] {processor.py:840} INFO - DAG(s) 'recommendation_pipeline' retrieved from /opt/airflow/dags/recommendation_pipeline_dag.py
[2026-05-05T11:58:00.183+0000] {logging_mixin.py:188} INFO - [2026-05-05T11:58:00.182+0000] {dag.py:3036} INFO - Sync 1 DAGs
[2026-05-05T11:58:00.226+0000] {logging_mixin.py:188} INFO - [2026-05-05T11:58:00.226+0000] {dag.py:3823} INFO - Setting next_dagrun for recommendation_pipeline to None, run_after=None
[2026-05-05T11:58:00.298+0000] {processor.py:183} INFO - Processing /opt/airflow/dags/recommendation_pipeline_dag.py took 0.317 seconds
[2026-05-05T11:58:31.152+0000] {processor.py:161} INFO - Started process (PID=401) to work on /opt/airflow/dags/recommendation_pipeline_dag.py
[2026-05-05T11:58:31.159+0000] {processor.py:830} INFO - Processing file /opt/airflow/dags/recommendation_pipeline_dag.py for tasks to queue
[2026-05-05T11:58:31.165+0000] {logging_mixin.py:188} INFO - [2026-05-05T11:58:31.164+0000] {dagbag.py:538} INFO - Filling up the DagBag from /opt/airflow/dags/recommendation_pipeline_dag.py
[2026-05-05T11:58:31.371+0000] {processor.py:840} INFO - DAG(s) 'recommendation_pipeline' retrieved from /opt/airflow/dags/recommendation_pipeline_dag.py
[2026-05-05T11:58:31.477+0000] {logging_mixin.py:188} INFO - [2026-05-05T11:58:31.476+0000] {dag.py:3036} INFO - Sync 1 DAGs
[2026-05-05T11:58:31.511+0000] {logging_mixin.py:188} INFO - [2026-05-05T11:58:31.510+0000] {dag.py:3823} INFO - Setting next_dagrun for recommendation_pipeline to None, run_after=None
[2026-05-05T11:58:31.547+0000] {processor.py:183} INFO - Processing /opt/airflow/dags/recommendation_pipeline_dag.py took 0.418 seconds
[2026-05-05T11:59:01.916+0000] {processor.py:161} INFO - Started process (PID=406) to work on /opt/airflow/dags/recommendation_pipeline_dag.py
[2026-05-05T11:59:01.920+0000] {processor.py:830} INFO - Processing file /opt/airflow/dags/recommendation_pipeline_dag.py for tasks to queue
[2026-05-05T11:59:01.925+0000] {logging_mixin.py:188} INFO - [2026-05-05T11:59:01.923+0000] {dagbag.py:538} INFO - Filling up the DagBag from /opt/airflow/dags/recommendation_pipeline_dag.py
[2026-05-05T11:59:02.013+0000] {processor.py:840} INFO - DAG(s) 'recommendation_pipeline' retrieved from /opt/airflow/dags/recommendation_pipeline_dag.py
[2026-05-05T11:59:02.119+0000] {logging_mixin.py:188} INFO - [2026-05-05T11:59:02.118+0000] {dag.py:3036} INFO - Sync 1 DAGs
[2026-05-05T11:59:02.167+0000] {logging_mixin.py:188} INFO - [2026-05-05T11:59:02.167+0000] {dag.py:3823} INFO - Setting next_dagrun for recommendation_pipeline to None, run_after=None
[2026-05-05T11:59:02.240+0000] {processor.py:183} INFO - Processing /opt/airflow/dags/recommendation_pipeline_dag.py took 0.335 seconds
[2026-05-05T11:59:32.876+0000] {processor.py:161} INFO - Started process (PID=411) to work on /opt/airflow/dags/recommendation_pipeline_dag.py
[2026-05-05T11:59:32.879+0000] {processor.py:830} INFO - Processing file /opt/airflow/dags/recommendation_pipeline_dag.py for tasks to queue
[2026-05-05T11:59:32.883+0000] {logging_mixin.py:188} INFO - [2026-05-05T11:59:32.882+0000] {dagbag.py:538} INFO - Filling up the DagBag from /opt/airflow/dags/recommendation_pipeline_dag.py
[2026-05-05T11:59:32.968+0000] {processor.py:840} INFO - DAG(s) 'recommendation_pipeline' retrieved from /opt/airflow/dags/recommendation_pipeline_dag.py
[2026-05-05T11:59:33.151+0000] {logging_mixin.py:188} INFO - [2026-05-05T11:59:33.150+0000] {dag.py:3036} INFO - Sync 1 DAGs
[2026-05-05T11:59:33.245+0000] {logging_mixin.py:188} INFO - [2026-05-05T11:59:33.244+0000] {dag.py:3823} INFO - Setting next_dagrun for recommendation_pipeline to None, run_after=None
[2026-05-05T11:59:33.367+0000] {processor.py:183} INFO - Processing /opt/airflow/dags/recommendation_pipeline_dag.py took 0.500 seconds
[2026-05-05T12:00:04.391+0000] {processor.py:161} INFO - Started process (PID=416) to work on /opt/airflow/dags/recommendation_pipeline_dag.py
[2026-05-05T12:00:04.394+0000] {processor.py:830} INFO - Processing file /opt/airflow/dags/recommendation_pipeline_dag.py for tasks to queue
[2026-05-05T12:00:04.396+0000] {logging_mixin.py:188} INFO - [2026-05-05T12:00:04.395+0000] {dagbag.py:538} INFO - Filling up the DagBag from /opt/airflow/dags/recommendation_pipeline_dag.py
[2026-05-05T12:00:04.443+0000] {processor.py:840} INFO - DAG(s) 'recommendation_pipeline' retrieved from /opt/airflow/dags/recommendation_pipeline_dag.py
[2026-05-05T12:00:04.487+0000] {logging_mixin.py:188} INFO - [2026-05-05T12:00:04.486+0000] {dag.py:3036} INFO - Sync 1 DAGs
[2026-05-05T12:00:04.505+0000] {logging_mixin.py:188} INFO - [2026-05-05T12:00:04.505+0000] {dag.py:3823} INFO - Setting next_dagrun for recommendation_pipeline to None, run_after=None
[2026-05-05T12:00:04.538+0000] {processor.py:183} INFO - Processing /opt/airflow/dags/recommendation_pipeline_dag.py took 0.165 seconds
[2026-05-05T12:00:35.100+0000] {processor.py:161} INFO - Started process (PID=421) to work on /opt/airflow/dags/recommendation_pipeline_dag.py
[2026-05-05T12:00:35.102+0000] {processor.py:830} INFO - Processing file /opt/airflow/dags/recommendation_pipeline_dag.py for tasks to queue
[2026-05-05T12:00:35.104+0000] {logging_mixin.py:188} INFO - [2026-05-05T12:00:35.103+0000] {dagbag.py:538} INFO - Filling up the DagBag from /opt/airflow/dags/recommendation_pipeline_dag.py
[2026-05-05T12:00:35.134+0000] {processor.py:840} INFO - DAG(s) 'recommendation_pipeline' retrieved from /opt/airflow/dags/recommendation_pipeline_dag.py
[2026-05-05T12:00:35.169+0000] {logging_mixin.py:188} INFO - [2026-05-05T12:00:35.169+0000] {dag.py:3036} INFO - Sync 1 DAGs
[2026-05-05T12:00:35.184+0000] {logging_mixin.py:188} INFO - [2026-05-05T12:00:35.184+0000] {dag.py:3823} INFO - Setting next_dagrun for recommendation_pipeline to None, run_after=None
[2026-05-05T12:00:35.216+0000] {processor.py:183} INFO - Processing /opt/airflow/dags/recommendation_pipeline_dag.py took 0.121 seconds
[2026-05-05T12:01:05.773+0000] {processor.py:161} INFO - Started process (PID=426) to work on /opt/airflow/dags/recommendation_pipeline_dag.py
[2026-05-05T12:01:05.774+0000] {processor.py:830} INFO - Processing file /opt/airflow/dags/recommendation_pipeline_dag.py for tasks to queue
[2026-05-05T12:01:05.776+0000] {logging_mixin.py:188} INFO - [2026-05-05T12:01:05.775+0000] {dagbag.py:538} INFO - Filling up the DagBag from /opt/airflow/dags/recommendation_pipeline_dag.py
[2026-05-05T12:01:05.802+0000] {processor.py:840} INFO - DAG(s) 'recommendation_pipeline' retrieved from /opt/airflow/dags/recommendation_pipeline_dag.py
[2026-05-05T12:01:05.836+0000] {logging_mixin.py:188} INFO - [2026-05-05T12:01:05.835+0000] {dag.py:3036} INFO - Sync 1 DAGs
[2026-05-05T12:01:05.851+0000] {logging_mixin.py:188} INFO - [2026-05-05T12:01:05.851+0000] {dag.py:3823} INFO - Setting next_dagrun for recommendation_pipeline to None, run_after=None
[2026-05-05T12:01:05.876+0000] {processor.py:183} INFO - Processing /opt/airflow/dags/recommendation_pipeline_dag.py took 0.108 seconds
[2026-05-05T12:01:36.540+0000] {processor.py:161} INFO - Started process (PID=431) to work on /opt/airflow/dags/recommendation_pipeline_dag.py
[2026-05-05T12:01:36.542+0000] {processor.py:830} INFO - Processing file /opt/airflow/dags/recommendation_pipeline_dag.py for tasks to queue
[2026-05-05T12:01:36.544+0000] {logging_mixin.py:188} INFO - [2026-05-05T12:01:36.543+0000] {dagbag.py:538} INFO - Filling up the DagBag from /opt/airflow/dags/recommendation_pipeline_dag.py
[2026-05-05T12:01:36.576+0000] {processor.py:840} INFO - DAG(s) 'recommendation_pipeline' retrieved from /opt/airflow/dags/recommendation_pipeline_dag.py
[2026-05-05T12:01:36.611+0000] {logging_mixin.py:188} INFO - [2026-05-05T12:01:36.611+0000] {dag.py:3036} INFO - Sync 1 DAGs
[2026-05-05T12:01:36.627+0000] {logging_mixin.py:188} INFO - [2026-05-05T12:01:36.626+0000] {dag.py:3823} INFO - Setting next_dagrun for recommendation_pipeline to None, run_after=None
[2026-05-05T12:01:36.656+0000] {processor.py:183} INFO - Processing /opt/airflow/dags/recommendation_pipeline_dag.py took 0.122 seconds
[2026-05-05T12:02:07.437+0000] {processor.py:161} INFO - Started process (PID=452) to work on /opt/airflow/dags/recommendation_pipeline_dag.py
[2026-05-05T12:02:07.439+0000] {processor.py:830} INFO - Processing file /opt/airflow/dags/recommendation_pipeline_dag.py for tasks to queue
[2026-05-05T12:02:07.441+0000] {logging_mixin.py:188} INFO - [2026-05-05T12:02:07.440+0000] {dagbag.py:538} INFO - Filling up the DagBag from /opt/airflow/dags/recommendation_pipeline_dag.py
[2026-05-05T12:02:07.472+0000] {processor.py:840} INFO - DAG(s) 'recommendation_pipeline' retrieved from /opt/airflow/dags/recommendation_pipeline_dag.py
[2026-05-05T12:02:07.505+0000] {logging_mixin.py:188} INFO - [2026-05-05T12:02:07.505+0000] {dag.py:3036} INFO - Sync 1 DAGs
[2026-05-05T12:02:07.519+0000] {logging_mixin.py:188} INFO - [2026-05-05T12:02:07.519+0000] {dag.py:3823} INFO - Setting next_dagrun for recommendation_pipeline to None, run_after=None
[2026-05-05T12:02:07.543+0000] {processor.py:183} INFO - Processing /opt/airflow/dags/recommendation_pipeline_dag.py took 0.109 seconds
[2026-05-05T12:02:38.406+0000] {processor.py:161} INFO - Started process (PID=595) to work on /opt/airflow/dags/recommendation_pipeline_dag.py
[2026-05-05T12:02:38.408+0000] {processor.py:830} INFO - Processing file /opt/airflow/dags/recommendation_pipeline_dag.py for tasks to queue
[2026-05-05T12:02:38.410+0000] {logging_mixin.py:188} INFO - [2026-05-05T12:02:38.409+0000] {dagbag.py:538} INFO - Filling up the DagBag from /opt/airflow/dags/recommendation_pipeline_dag.py
[2026-05-05T12:02:38.446+0000] {processor.py:840} INFO - DAG(s) 'recommendation_pipeline' retrieved from /opt/airflow/dags/recommendation_pipeline_dag.py
[2026-05-05T12:02:38.488+0000] {logging_mixin.py:188} INFO - [2026-05-05T12:02:38.488+0000] {dag.py:3036} INFO - Sync 1 DAGs
[2026-05-05T12:02:38.506+0000] {logging_mixin.py:188} INFO - [2026-05-05T12:02:38.506+0000] {dag.py:3823} INFO - Setting next_dagrun for recommendation_pipeline to None, run_after=None
[2026-05-05T12:02:38.534+0000] {processor.py:183} INFO - Processing /opt/airflow/dags/recommendation_pipeline_dag.py took 0.133 seconds
[2026-05-05T12:03:09.098+0000] {processor.py:161} INFO - Started process (PID=810) to work on /opt/airflow/dags/recommendation_pipeline_dag.py
[2026-05-05T12:03:09.101+0000] {processor.py:830} INFO - Processing file /opt/airflow/dags/recommendation_pipeline_dag.py for tasks to queue
[2026-05-05T12:03:09.103+0000] {logging_mixin.py:188} INFO - [2026-05-05T12:03:09.102+0000] {dagbag.py:538} INFO - Filling up the DagBag from /opt/airflow/dags/recommendation_pipeline_dag.py
[2026-05-05T12:03:09.140+0000] {processor.py:840} INFO - DAG(s) 'recommendation_pipeline' retrieved from /opt/airflow/dags/recommendation_pipeline_dag.py
[2026-05-05T12:03:09.181+0000] {logging_mixin.py:188} INFO - [2026-05-05T12:03:09.181+0000] {dag.py:3036} INFO - Sync 1 DAGs
[2026-05-05T12:03:09.204+0000] {logging_mixin.py:188} INFO - [2026-05-05T12:03:09.204+0000] {dag.py:3823} INFO - Setting next_dagrun for recommendation_pipeline to None, run_after=None
[2026-05-05T12:03:09.243+0000] {processor.py:183} INFO - Processing /opt/airflow/dags/recommendation_pipeline_dag.py took 0.158 seconds
[2026-05-05T12:03:39.893+0000] {processor.py:161} INFO - Started process (PID=815) to work on /opt/airflow/dags/recommendation_pipeline_dag.py
[2026-05-05T12:03:39.895+0000] {processor.py:830} INFO - Processing file /opt/airflow/dags/recommendation_pipeline_dag.py for tasks to queue
[2026-05-05T12:03:39.897+0000] {logging_mixin.py:188} INFO - [2026-05-05T12:03:39.896+0000] {dagbag.py:538} INFO - Filling up the DagBag from /opt/airflow/dags/recommendation_pipeline_dag.py
[2026-05-05T12:03:39.944+0000] {processor.py:840} INFO - DAG(s) 'recommendation_pipeline' retrieved from /opt/airflow/dags/recommendation_pipeline_dag.py
[2026-05-05T12:03:39.992+0000] {logging_mixin.py:188} INFO - [2026-05-05T12:03:39.991+0000] {dag.py:3036} INFO - Sync 1 DAGs
[2026-05-05T12:03:40.020+0000] {logging_mixin.py:188} INFO - [2026-05-05T12:03:40.020+0000] {dag.py:3823} INFO - Setting next_dagrun for recommendation_pipeline to None, run_after=None
[2026-05-05T12:03:40.051+0000] {processor.py:183} INFO - Processing /opt/airflow/dags/recommendation_pipeline_dag.py took 0.162 seconds
[2026-05-05T12:04:10.698+0000] {processor.py:161} INFO - Started process (PID=820) to work on /opt/airflow/dags/recommendation_pipeline_dag.py
[2026-05-05T12:04:10.700+0000] {processor.py:830} INFO - Processing file /opt/airflow/dags/recommendation_pipeline_dag.py for tasks to queue
[2026-05-05T12:04:10.702+0000] {logging_mixin.py:188} INFO - [2026-05-05T12:04:10.701+0000] {dagbag.py:538} INFO - Filling up the DagBag from /opt/airflow/dags/recommendation_pipeline_dag.py
[2026-05-05T12:04:10.740+0000] {processor.py:840} INFO - DAG(s) 'recommendation_pipeline' retrieved from /opt/airflow/dags/recommendation_pipeline_dag.py
[2026-05-05T12:04:10.780+0000] {logging_mixin.py:188} INFO - [2026-05-05T12:04:10.779+0000] {dag.py:3036} INFO - Sync 1 DAGs
[2026-05-05T12:04:10.796+0000] {logging_mixin.py:188} INFO - [2026-05-05T12:04:10.796+0000] {dag.py:3823} INFO - Setting next_dagrun for recommendation_pipeline to None, run_after=None
[2026-05-05T12:04:10.827+0000] {processor.py:183} INFO - Processing /opt/airflow/dags/recommendation_pipeline_dag.py took 0.133 seconds
[2026-05-05T12:04:41.425+0000] {processor.py:161} INFO - Started process (PID=825) to work on /opt/airflow/dags/recommendation_pipeline_dag.py
[2026-05-05T12:04:41.426+0000] {processor.py:830} INFO - Processing file /opt/airflow/dags/recommendation_pipeline_dag.py for tasks to queue
[2026-05-05T12:04:41.428+0000] {logging_mixin.py:188} INFO - [2026-05-05T12:04:41.428+0000] {dagbag.py:538} INFO - Filling up the DagBag from /opt/airflow/dags/recommendation_pipeline_dag.py
[2026-05-05T12:04:41.467+0000] {processor.py:840} INFO - DAG(s) 'recommendation_pipeline' retrieved from /opt/airflow/dags/recommendation_pipeline_dag.py
[2026-05-05T12:04:41.517+0000] {logging_mixin.py:188} INFO - [2026-05-05T12:04:41.516+0000] {dag.py:3036} INFO - Sync 1 DAGs
[2026-05-05T12:04:41.537+0000] {logging_mixin.py:188} INFO - [2026-05-05T12:04:41.537+0000] {dag.py:3823} INFO - Setting next_dagrun for recommendation_pipeline to None, run_after=None
[2026-05-05T12:04:41.576+0000] {processor.py:183} INFO - Processing /opt/airflow/dags/recommendation_pipeline_dag.py took 0.156 seconds
[2026-05-05T12:05:12.125+0000] {processor.py:161} INFO - Started process (PID=830) to work on /opt/airflow/dags/recommendation_pipeline_dag.py
[2026-05-05T12:05:12.127+0000] {processor.py:830} INFO - Processing file /opt/airflow/dags/recommendation_pipeline_dag.py for tasks to queue
[2026-05-05T12:05:12.128+0000] {logging_mixin.py:188} INFO - [2026-05-05T12:05:12.128+0000] {dagbag.py:538} INFO - Filling up the DagBag from /opt/airflow/dags/recommendation_pipeline_dag.py
[2026-05-05T12:05:12.166+0000] {processor.py:840} INFO - DAG(s) 'recommendation_pipeline' retrieved from /opt/airflow/dags/recommendation_pipeline_dag.py
[2026-05-05T12:05:12.206+0000] {logging_mixin.py:188} INFO - [2026-05-05T12:05:12.206+0000] {dag.py:3036} INFO - Sync 1 DAGs
[2026-05-05T12:05:12.222+0000] {logging_mixin.py:188} INFO - [2026-05-05T12:05:12.221+0000] {dag.py:3823} INFO - Setting next_dagrun for recommendation_pipeline to None, run_after=None
[2026-05-05T12:05:12.247+0000] {processor.py:183} INFO - Processing /opt/airflow/dags/recommendation_pipeline_dag.py took 0.128 seconds
